School,Name,Jersey,Position,Class Year,Height,Weight,High School,Position List,position1,position2,Team
University Of Florida,Justin Nadeau,1,INF/OF,Jr.,72,195,Bartram Trail (Jacksonville),"['Infielder', 'Outfielder']",Infielder,Outfielder,Florida Gators
University Of Florida,Ty Evans,2,OF,Sr.,74,215,Lakeland Christian,['Outfielder'],Outfielder,,Florida Gators
University Of Florida,Kyle Jones,3,OF,So.,75,185,North Oconee (Stetson),['Outfielder'],Outfielder,,Florida Gators
University Of Florida,Cade Kurland,4,INF,Jr.,71,190,Berkeley Prep,['Infielder'],Infielder,,Florida Gators
University Of Florida,Blake Cyr,5,OF/INF,Jr.,71,190,Windermere (Miami),"['Outfielder', 'Infielder']",Outfielder,Infielder,Florida Gators
University Of Florida,Bobby Boser,6,INF/OF,Sr.,73,215,Wiregrass Ranch (USF),"['Infielder', 'Outfielder']",Infielder,Outfielder,Florida Gators
University Of Florida,Christian Rodriguez,8,RHP,R-Fr.,72,210,Marjory Stoneman Douglas,['Right-Handed Pitcher'],Right-Handed Pitcher,,Florida Gators
University Of Florida,Luke McNeillie,9,RHP,So.,75,190,Milton,['Right-Handed Pitcher'],Right-Handed Pitcher,,Florida Gators
University Of Florida,Colby Shelton,10,INF,Jr.,72,205,Bloomingdale (Alabama),['Infielder'],Infielder,,Florida Gators
University Of Florida,Brendan Lawson,11,INF,Fr.,75,215,P27 Academy,['Infielder'],Infielder,,Florida Gators
University Of Florida,Liam Peterson,12,RHP,So.,77,220,Calvary Christian,['Right-Handed Pitcher'],Right-Handed Pitcher,,Florida Gators
University Of Florida,Landon Stripling,13,INF,So.,72,200,Parkview (Texas Tech),['Infielder'],Infielder,,Florida Gators
University Of Florida,Joshua Whritenour,15,RHP,Fr.,74,195,A3 Academy,['Right-Handed Pitcher'],Right-Handed Pitcher,,Florida Gators
University Of Florida,Hayden Yost,16,OF,So.,73,195,Sickles,['Outfielder'],Outfielder,,Florida Gators
University Of Florida,Jacob Gomberg,17,LHP,So.,70,180,Marjory Stoneman Douglas,['Left-Handed Pitcher'],Left-Handed Pitcher,,Florida Gators
University Of Florida,Pierce Coppola,18,LHP,R-Jr.,80,245,Verona,['Left-Handed Pitcher'],Left-Handed Pitcher,,Florida Gators
University Of Florida,Jake Clemente,20,RHP,R-So.,75,225,Marjory Stoneman Douglas,['Right-Handed Pitcher'],Right-Handed Pitcher,,Florida Gators
University Of Florida,Caden McDonald,21,RHP/1B,R-Fr.,75,200,Sickles,"['Right-Handed Pitcher', 'First Base']",Right-Handed Pitcher,First Base,Florida Gators
University Of Florida,Jackson Barberi,22,RHP,Fr.,76,180,Brookwood,['Right-Handed Pitcher'],Right-Handed Pitcher,,Florida Gators
University Of Florida,Billy Barlow,23,RHP,R-Jr.,74,220,North Myrtle Beach (Clemson),['Right-Handed Pitcher'],Right-Handed Pitcher,,Florida Gators
University Of Florida,Blake Brookins,24,OF,So.,77,225,Miami Palmetto,['Outfielder'],Outfielder,,Florida Gators
University Of Florida,Kolt Myers,25,INF,Fr.,74,190,St. John's Country Day,['Infielder'],Infielder,,Florida Gators
University Of Florida,Niko Janssens,26,LHP,Fr.,76,200,A3 Academy,['Left-Handed Pitcher'],Left-Handed Pitcher,,Florida Gators
University Of Florida,Blaine Rowland,27,RHP,Fr.,75,220,Durant,['Right-Handed Pitcher'],Right-Handed Pitcher,,Florida Gators
University Of Florida,Luke Heyman,28,C,Jr.,76,220,Lake Brantley,['Catcher'],Catcher,,Florida Gators
University Of Florida,Brody Donay,29,C,Jr.,77,235,Lakeland Christian,['Catcher'],Catcher,,Florida Gators
University Of Florida,Ashton Wilson,30,OF/INF,Jr.,72,200,TNXL Academy,"['Outfielder', 'Infielder']",Outfielder,Infielder,Florida Gators
University Of Florida,Frank Menendez,31,LHP,So.,73,215,Doral Academy Charter,['Left-Handed Pitcher'],Left-Handed Pitcher,,Florida Gators
University Of Florida,McCall Biemiller,33,LHP,Fr.,74,180,Tampa Jesuit,['Left-Handed Pitcher'],Left-Handed Pitcher,,Florida Gators
University Of Florida,Alex Philpott,34,RHP,So.,78,200,Strawberry Crest,['Right-Handed Pitcher'],Right-Handed Pitcher,,Florida Gators
University Of Florida,Brock Clayton,35,C/OF,Fr.,75,210,Pensacola Catholic,"['Catcher', 'Outfielder']",Catcher,Outfielder,Florida Gators
University Of Florida,Matthew Jenkins,37,RHP,So.,78,195,Lafayette (Santa Fe College),['Right-Handed Pitcher'],Right-Handed Pitcher,,Florida Gators
University Of Florida,Mason Laurito,38,LHP,So.,72,175,Forest (Gulf Coast CC),['Left-Handed Pitcher'],Left-Handed Pitcher,,Florida Gators
University Of Florida,Cole Bullen,40,C,R-Jr.,69,175,Villages Charter (College of Central Florida),['Catcher'],Catcher,,Florida Gators
University Of Florida,Felix Ong,44,RHP,Fr.,76,220,Key West,['Right-Handed Pitcher'],Right-Handed Pitcher,,Florida Gators
University Of Florida,Schuyler Sandford,45,RHP,Fr.,78,215,St. John's Country Day,['Right-Handed Pitcher'],Right-Handed Pitcher,,Florida Gators
University Of Florida,Aidan King,47,RHP,Fr.,74,195,Bishop John J. Snyder,['Right-Handed Pitcher'],Right-Handed Pitcher,,Florida Gators
University Of Florida,Carson Montsdeoca,99,RHP,Fr.,75,205,Fort Meade,['Right-Handed Pitcher'],Right-Handed Pitcher,,Florida Gators
University Of Missouri,Cameron Benson,1,INF/OF,Jr.,75,185,Southfield HS for the Arts & Technology,"['Infielder', 'Outfielder']",Infielder,Outfielder,Missouri Tigers
University Of Missouri,Brock Daniels,2,INF/OF,Jr.,73,195,St. John Vianney HS,"['Infielder', 'Outfielder']",Infielder,Outfielder,Missouri Tigers
University Of Missouri,Peyton Basler,3,INF,Jr.,72,195,Lansing HS,['Infielder'],Infielder,,Missouri Tigers
University Of Missouri,Jedier Hernandez,4,C,Sr.,72,200,Trenton Catholic Academy,['Catcher'],Catcher,,Missouri Tigers
University Of Missouri,Pierre Seals,5,OF,Sr.,72,210,Houston HS,['Outfielder'],Outfielder,,Missouri Tigers
University Of Missouri,Kaden Peer,7,OF/INF,So.,74,185,CBC HS,"['Outfielder', 'Infielder']",Outfielder,Infielder,Missouri Tigers
University Of Missouri,Gehrig Goldbeck,10,INF,Jr.,73,175,Tonganoxie HS,['Infielder'],Infielder,,Missouri Tigers
University Of Missouri,Austin Henry,11,RHP,So.,77,220,Dell Rapids HS,['Right-Handed Pitcher'],Right-Handed Pitcher,,Missouri Tigers
University Of Missouri,Tyler Macon,12,INF,R-Fr.,71,175,Kirkwood HS,['Infielder'],Infielder,,Missouri Tigers
University Of Missouri,Brady Picarelli,13,OF,Fr.,74,200,Eureka HS,['Outfielder'],Outfielder,,Missouri Tigers
University Of Missouri,Isaiah Frost,14,OF,Sr.,71,197,Blue Springs South HS,['Outfielder'],Outfielder,,Missouri Tigers
University Of Missouri,Chris Patterson,17,INF,Fr.,75,190,Prestonwood Academy,['Infielder'],Infielder,,Missouri Tigers
University Of Missouri,Jackson Lovich,18,INF,Jr.,76,192,Blue Valley West HS,['Infielder'],Infielder,,Missouri Tigers
University Of Missouri,Keegan Knutson,19,INF,Jr.,70,195,Combine Academy,['Infielder'],Infielder,,Missouri Tigers
University Of Missouri,Trey Lawrence,20,INF/RHP,Fr.,75,180,Palmetto HS,"['Infielder', 'Right-Handed Pitcher']",Infielder,Right-Handed Pitcher,Missouri Tigers
University Of Missouri,Sam Horn,21,RHP,So.,76,217,Collins Hill,['Right-Handed Pitcher'],Right-Handed Pitcher,,Missouri Tigers
University Of Missouri,Kadden Drew,22,LHP,Jr.,74,210,Notre Dame Prep,['Left-Handed Pitcher'],Left-Handed Pitcher,,Missouri Tigers
University Of Missouri,Ian Lohse,23,LHP,Gr.,72,199,Marquette HS,['Left-Handed Pitcher'],Left-Handed Pitcher,,Missouri Tigers
University Of Missouri,Trey Callaway,24,UTIL,Fr.,73,215,Dutchtown HS,['Utility'],Utility,,Missouri Tigers
University Of Missouri,Brock Lucas,25,RHP,Jr.,75,229,St. Elizabeth HS,['Right-Handed Pitcher'],Right-Handed Pitcher,,Missouri Tigers
University Of Missouri,Victor Christal,26,RHP,Fr.,72,190,Bishop Miege HS,['Right-Handed Pitcher'],Right-Handed Pitcher,,Missouri Tigers
University Of Missouri,PJ Green,27,OF/RHP,Fr.,74,195,Sandy Creek HS,"['Outfielder', 'Right-Handed Pitcher']",Outfielder,Right-Handed Pitcher,Missouri Tigers
University Of Missouri,Josh Kirchhoff,28,RHP,Jr.,75,210,Concordia Academy-Roseville,['Right-Handed Pitcher'],Right-Handed Pitcher,,Missouri Tigers
University Of Missouri,James Vaughn,29,RHP,Gr.,77,240,Collegiate School,['Right-Handed Pitcher'],Right-Handed Pitcher,,Missouri Tigers
University Of Missouri,Wil Libbert,30,LHP,R-Fr.,73,205,Blair Oaks HS,['Left-Handed Pitcher'],Left-Handed Pitcher,,Missouri Tigers
University Of Missouri,Kaden Jacobi,32,RHP,Sr.,75,220,Liberty,['Right-Handed Pitcher'],Right-Handed Pitcher,,Missouri Tigers
University Of Missouri,Daniel Wissler,35,LHP,Jr.,74,185,Fort Zumwalt West HS,['Left-Handed Pitcher'],Left-Handed Pitcher,,Missouri Tigers
University Of Missouri,Aeneas Clark,36,RHP,Jr.,75,205,Northwest Christian HS,['Right-Handed Pitcher'],Right-Handed Pitcher,,Missouri Tigers
University Of Missouri,Aden Malpass,37,OF,Fr.,72,175,Catholic HS,['Outfielder'],Outfielder,,Missouri Tigers
University Of Missouri,Blake Simpson,38,INF,Jr.,74,185,Pickering HS,['Infielder'],Infielder,,Missouri Tigers
University Of Missouri,Charlie Miller,39,RHP,So.,75,185,Russellville HS,['Right-Handed Pitcher'],Right-Handed Pitcher,,Missouri Tigers
University Of Missouri,Brady Kehlenbrink,40,LHP,Fr.,74,205,Parkway South HS,['Left-Handed Pitcher'],Left-Handed Pitcher,,Missouri Tigers
University Of Missouri,Nic Smith,41,LHP,Jr.,75,198,Alvin C. York Institute,['Left-Handed Pitcher'],Left-Handed Pitcher,,Missouri Tigers
University Of Missouri,Javyn Pimental,43,LHP,Sr.,75,213,Kamehameha HS,['Left-Handed Pitcher'],Left-Handed Pitcher,,Missouri Tigers
University Of Missouri,Xavier Lovett,44,RHP,Gr.,72,190,Westfield HS,['Right-Handed Pitcher'],Right-Handed Pitcher,,Missouri Tigers
University Of Missouri,Cayden Nicoletto,48,OF,Sr.,72,190,Baldivis Secondary College,['Outfielder'],Outfielder,,Missouri Tigers
University Of Missouri,Tony Neubeck,49,LHP,Jr.,74,237,Mahtomedi HS,['Left-Handed Pitcher'],Left-Handed Pitcher,,Missouri Tigers
University Of Missouri,Ben Smith,50,RHP,So.,74,195,Catholic HS,['Right-Handed Pitcher'],Right-Handed Pitcher,,Missouri Tigers
University Of Missouri,Jaylen Merchant,51,RHP,So.,72,180,Grayson HS,['Right-Handed Pitcher'],Right-Handed Pitcher,,Missouri Tigers
University Of Missouri,Josh McDevitt,54,RHP,So.,74,195,Effingham HS,['Right-Handed Pitcher'],Right-Handed Pitcher,,Missouri Tigers
University Of Missouri,Seth McCartney,58,RHP,Jr.,72,200,Brandon,['Right-Handed Pitcher'],Right-Handed Pitcher,,Missouri Tigers
University Of Missouri,Mateo Serna,88,C,So.,72,195,American Heritage HS,['Catcher'],Catcher,,Missouri Tigers
University Of Oklahoma,Jason Walk,1,OF,Jr.,70,166,Harrison HS,['Outfielder'],Outfielder,,Oklahoma Sooners
University Of Oklahoma,Myles Davis,2,INF,So.,72,213,Marion HS,['Infielder'],Infielder,,Oklahoma Sooners
University Of Oklahoma,Cayden Brumbaugh,3,UTL,Sr.,69,182,Edmond Santa Fe HS,['Utility'],Utility,,Oklahoma Sooners
University Of Oklahoma,Alec Blair,4,OF,Fr.,78,195,De La Salle,['Outfielder'],Outfielder,,Oklahoma Sooners
University Of Oklahoma,Nolan Stevens,5,OF/LHP,Jr.,74,216,Franklin,"['Outfielder', 'Left-Handed Pitcher']",Outfielder,Left-Handed Pitcher,Oklahoma Sooners
University Of Oklahoma,Kyle Branch,6,INF,So.,71,182,Lovejoy HS,['Infielder'],Infielder,,Oklahoma Sooners
University Of Oklahoma,Jaxon Willits,7,INF,Jr.,72,203,Fort Cobb-Broxton HS,['Infielder'],Infielder,,Oklahoma Sooners
University Of Oklahoma,Uriah Walters,8,INF,Jr.,74,193,Weatherford JC,['Infielder'],Infielder,,Oklahoma Sooners
University Of Oklahoma,Camden Johnson,9,UTL,Jr.,72,176,Boerne HS,['Utility'],Utility,,Oklahoma Sooners
University Of Oklahoma,Brendan Brock,10,C/OF,Jr.,75,200,Mascoutah HS,"['Catcher', 'Outfielder']",Catcher,Outfielder,Oklahoma Sooners
University Of Oklahoma,Gerardo Prado,11,OF,Jr.,75,190,Puerto Rico Baseball Academy HS,['Outfielder'],Outfielder,,Oklahoma Sooners
University Of Oklahoma,Kadyn Leon,12,RHP,So.,72,182,McLennan CC,['Right-Handed Pitcher'],Right-Handed Pitcher,,Oklahoma Sooners
University Of Oklahoma,Connor Larkin,13,UTL,Fr.,75,194,Cherry Creek HS,['Utility'],Utility,,Oklahoma Sooners
University Of Oklahoma,Cooper Smith,14,1B,Jr.,72,197,Marlow HS,['First Base'],First Base,,Oklahoma Sooners
University Of Oklahoma,Dayton Tockey,16,INF,Sr.,73,230,Weatherford HS,['Infielder'],Infielder,,Oklahoma Sooners
University Of Oklahoma,Dasan Harris,17,OF,Jr.,73,181,Plano East HS,['Outfielder'],Outfielder,,Oklahoma Sooners
University Of Oklahoma,Gavyn Jones,18,LHP/OF,Jr.,73,206,White Oak HS,"['Left-Handed Pitcher', 'Outfielder']",Left-Handed Pitcher,Outfielder,Oklahoma Sooners
University Of Oklahoma,Jaxon Grossman,19,RHP,Jr.,76,227,Makawoo HS,['Right-Handed Pitcher'],Right-Handed Pitcher,,Oklahoma Sooners
University Of Oklahoma,Trey Gambill,20,OF,Sr.,71,200,Lone Peak HS,['Outfielder'],Outfielder,,Oklahoma Sooners
University Of Oklahoma,Drew Dickerson,21,OF,So.,76,210,Lee's Summit West HS,['Outfielder'],Outfielder,,Oklahoma Sooners
University Of Oklahoma,LJ Mercurius,22,RHP,Jr.,74,175,Faith Lutheran HS,['Right-Handed Pitcher'],Right-Handed Pitcher,,Oklahoma Sooners
University Of Oklahoma,Xander Mercurius,23,RHP,Fr.,70,186,Durango HS,['Right-Handed Pitcher'],Right-Handed Pitcher,,Oklahoma Sooners
University Of Oklahoma,Mason Bixby,25,RHP,Jr.,79,239,Lady Bird Johnson HS,['Right-Handed Pitcher'],Right-Handed Pitcher,,Oklahoma Sooners
University Of Oklahoma,Drew Rerick,27,RHP,So.,76,243,Fargo Davies HS,['Right-Handed Pitcher'],Right-Handed Pitcher,,Oklahoma Sooners
University Of Oklahoma,Cole Leach,28,C/INF,Fr.,75,218,Hilldale HS,"['Catcher', 'Infielder']",Catcher,Infielder,Oklahoma Sooners
University Of Oklahoma,Jaden Barfield,29,LHP,So.,72,216,Pearl,['Left-Handed Pitcher'],Left-Handed Pitcher,,Oklahoma Sooners
University Of Oklahoma,Michael Catalano,30,RHP,So.,72,200,Frisco HS,['Right-Handed Pitcher'],Right-Handed Pitcher,,Oklahoma Sooners
University Of Oklahoma,Cameron Johnson,31,LHP,Jr.,78,256,IMG Academy,['Left-Handed Pitcher'],Left-Handed Pitcher,,Oklahoma Sooners
University Of Oklahoma,Brisco Smith,32,RHP,Fr.,73,169,Duncan HS,['Right-Handed Pitcher'],Right-Handed Pitcher,,Oklahoma Sooners
University Of Oklahoma,Isaac Williams,33,RHP,Jr.,73,200,Fleming Island HS,['Right-Handed Pitcher'],Right-Handed Pitcher,,Oklahoma Sooners
University Of Oklahoma,Joey McMannis,34,RHP,Jr.,76,228,Catocin HS,['Right-Handed Pitcher'],Right-Handed Pitcher,,Oklahoma Sooners
University Of Oklahoma,Jason Bodin,35,RHP,Jr.,75,193,Orangefield HS,['Right-Handed Pitcher'],Right-Handed Pitcher,,Oklahoma Sooners
University Of Oklahoma,Nick Wesloski,37,RHP,Fr.,75,219,McKinney Boyd HS,['Right-Handed Pitcher'],Right-Handed Pitcher,,Oklahoma Sooners
University Of Oklahoma,Trent Collier,39,LHP,So.,74,241,"Weatherford, JC",['Left-Handed Pitcher'],Left-Handed Pitcher,,Oklahoma Sooners
University Of Oklahoma,Aidan Tomlinson,40,RHP,Fr.,76,214,Dewar HS,['Right-Handed Pitcher'],Right-Handed Pitcher,,Oklahoma Sooners
University Of Oklahoma,Gunnar Dillard,41,C,Fr.,72,200,Wall HS,['Catcher'],Catcher,,Oklahoma Sooners
University Of Oklahoma,Reid Hensley,42,RHP,Gr.,72,214,Lufkin HS,['Right-Handed Pitcher'],Right-Handed Pitcher,,Oklahoma Sooners
University Of Oklahoma,Jordan Stribling,45,LHP,So.,77,219,Highland Park HS,['Left-Handed Pitcher'],Left-Handed Pitcher,,Oklahoma Sooners
University Of Oklahoma,Deiten Lachance,48,C,Jr.,77,231,McLennan CC,['Catcher'],Catcher,,Oklahoma Sooners
University Of Oklahoma,Jackson Cleveland,49,RHP,Sr.,74,206,Deer Park HS,['Right-Handed Pitcher'],Right-Handed Pitcher,,Oklahoma Sooners
University Of Oklahoma,Jackson Kornylo,52,RHP,Fr.,77,192,TNXL Academy,['Right-Handed Pitcher'],Right-Handed Pitcher,,Oklahoma Sooners
University Of Oklahoma,Nate Smithburg,54,LHP,R-So.,74,257,Fairfield HS,['Left-Handed Pitcher'],Left-Handed Pitcher,,Oklahoma Sooners
University Of Oklahoma,Vaughn Neckar,55,RHP,Fr.,75,257,Vista Murrieta HS,['Right-Handed Pitcher'],Right-Handed Pitcher,,Oklahoma Sooners
University Of Oklahoma,Cord Rager,99,LHP/INF,Fr.,78,237,Maypearl HS,"['Left-Handed Pitcher', 'Infielder']",Left-Handed Pitcher,Infielder,Oklahoma Sooners
University Of Alabama,Justin Lebron,1,INF,So.,74,180,Archbishop Edward McCarthy,['Infielder'],Infielder,,Alabama Crimson Tide
University Of Alabama,Kade Snell,3,OF Is Captain (C),R-Sr.,73,210,Wicksburg,[None],,,Alabama Crimson Tide
University Of Alabama,Riley Quick,4,RHP,R-So.,78,245,Hewitt-Trussville,['Right-Handed Pitcher'],Right-Handed Pitcher,,Alabama Crimson Tide
University Of Alabama,Richie Bonomolo Jr.,5,OF,Jr.,71,200,Cardinal Hayes,['Outfielder'],Outfielder,,Alabama Crimson Tide
University Of Alabama,Beau Bryans,6,LHP,Jr.,72,195,Madison Central,['Left-Handed Pitcher'],Left-Handed Pitcher,,Alabama Crimson Tide
University Of Alabama,Matthew Heiberger,7,LHP,So.,75,210,Oak Mountain,['Left-Handed Pitcher'],Left-Handed Pitcher,,Alabama Crimson Tide
University Of Alabama,Tyler Fay,8,RHP,R-So.,77,215,Grand Island Senior,['Right-Handed Pitcher'],Right-Handed Pitcher,,Alabama Crimson Tide
University Of Alabama,Bryce Fowler,9,OF,R-Jr.,74,190,Germantown,['Outfielder'],Outfielder,,Alabama Crimson Tide
University Of Alabama,Brady Neal,10,C/INF,Jr.,70,190,IMG Academy,"['Catcher', 'Infielder']",Catcher,Infielder,Alabama Crimson Tide
University Of Alabama,Coulson Buchanan,11,RHP,Sr.,70,185,North Gwinnett,['Right-Handed Pitcher'],Right-Handed Pitcher,,Alabama Crimson Tide
University Of Alabama,JT Blackwood,12,RHP,Jr.,74,210,Hartselle,['Right-Handed Pitcher'],Right-Handed Pitcher,,Alabama Crimson Tide
University Of Alabama,Luke Vaughn,13,C,So.,74,200,Elder,['Catcher'],Catcher,,Alabama Crimson Tide
University Of Alabama,Carson Ozmer,14,RHP,Gr.,74,210,John H. Guyer,['Right-Handed Pitcher'],Right-Handed Pitcher,,Alabama Crimson Tide
University Of Alabama,Coleman Mizell,15,OF,So.,75,230,Hartselle,['Outfielder'],Outfielder,,Alabama Crimson Tide
University Of Alabama,Jonathan Stevens,16,RHP,So.,73,215,Briarwood Christian,['Right-Handed Pitcher'],Right-Handed Pitcher,,Alabama Crimson Tide
University Of Alabama,Will Plattner,17,C,Jr.,73,205,Glenwood,['Catcher'],Catcher,,Alabama Crimson Tide
University Of Alabama,Will Hodo,18,INF/OF,Sr.,75,225,Wayne Academy,"['Infielder', 'Outfielder']",Infielder,Outfielder,Alabama Crimson Tide
University Of Alabama,Aeden Finateri,19,RHP,Sr.,72,235,Avon Old Farms,['Right-Handed Pitcher'],Right-Handed Pitcher,,Alabama Crimson Tide
University Of Alabama,Zane Adams,20,LHP,So.,76,195,Porter,['Left-Handed Pitcher'],Left-Handed Pitcher,,Alabama Crimson Tide
University Of Alabama,Brennen Norton,21,INF,Sr.,69,195,Cullman,['Infielder'],Infielder,,Alabama Crimson Tide
University Of Alabama,Braylon Myers,22,RHP,Sr.,74,205,Oak Grove,['Right-Handed Pitcher'],Right-Handed Pitcher,,Alabama Crimson Tide
University Of Alabama,Aidan Moza,23,RHP,Sr.,73,195,North Cobb Christian,['Right-Handed Pitcher'],Right-Handed Pitcher,,Alabama Crimson Tide
University Of Alabama,Tate Robertson,24,LHP,Sr.,72,170,Northridge,['Left-Handed Pitcher'],Left-Handed Pitcher,,Alabama Crimson Tide
University Of Alabama,Peyton Steele,26,OF,Fr.,73,195,Hartselle,['Outfielder'],Outfielder,,Alabama Crimson Tide
University Of Alabama,Garrett Staton,27,INF,R-Sr.,72,195,North Forsyth,['Infielder'],Infielder,,Alabama Crimson Tide
University Of Alabama,Danny Heintz,29,RHP,R-Sr.,78,235,Green Hope,['Right-Handed Pitcher'],Right-Handed Pitcher,,Alabama Crimson Tide
University Of Alabama,Anthony Pesci,30,RHP,Fr.,76,205,Orchard Lake Saint Mary's Prep,['Right-Handed Pitcher'],Right-Handed Pitcher,,Alabama Crimson Tide
University Of Alabama,Jon Young Jr.,31,INF,Fr.,73,190,Cherry Hill West,['Infielder'],Infielder,,Alabama Crimson Tide
University Of Alabama,Jason Torres,32,INF,Jr.,73,230,Miami Springs,['Infielder'],Infielder,,Alabama Crimson Tide
University Of Alabama,Ariston Veasey,33,RHP/UTL,So.,73,190,Starr's Mill,"['Right-Handed Pitcher', 'Utility']",Right-Handed Pitcher,Utility,Alabama Crimson Tide
University Of Alabama,Hagan Banks,36,RHP,R-Jr.,76,215,Calhoun,['Right-Handed Pitcher'],Right-Handed Pitcher,,Alabama Crimson Tide
University Of Alabama,Andre Modugno,37,INF/RHP,Fr.,77,220,IMG Academy,"['Infielder', 'Right-Handed Pitcher']",Infielder,Right-Handed Pitcher,Alabama Crimson Tide
University Of Alabama,Zach Kittrell,38,RHP,Jr.,72,195,Bayside Academy,['Right-Handed Pitcher'],Right-Handed Pitcher,,Alabama Crimson Tide
University Of Alabama,Sam Mitchell,39,RHP,So.,79,235,Bob Jones,['Right-Handed Pitcher'],Right-Handed Pitcher,,Alabama Crimson Tide
University Of Alabama,Sean Griggs,40,INF,Fr.,74,195,Red Bank Catholic,['Infielder'],Infielder,,Alabama Crimson Tide
University Of Alabama,Connor Ball,41,LHP,R-Jr.,72,180,Chelsea,['Left-Handed Pitcher'],Left-Handed Pitcher,,Alabama Crimson Tide
University Of Alabama,Ahmaad Duff,42,OF,Fr.,67,155,Lawrence Central,['Outfielder'],Outfielder,,Alabama Crimson Tide
University Of Alabama,Jack Ketchum,43,RHP,Fr.,75,210,Heritage Academy,['Right-Handed Pitcher'],Right-Handed Pitcher,,Alabama Crimson Tide
University Of Alabama,Packy Bradley-Cooney,44,RHP,Sr.,74,210,Arlington Catholic,['Right-Handed Pitcher'],Right-Handed Pitcher,,Alabama Crimson Tide
University Of Alabama,Jackson Hunter,45,RHP,Fr.,75,190,Hazel Green,['Right-Handed Pitcher'],Right-Handed Pitcher,,Alabama Crimson Tide
University Of Alabama,Carson Kuehne,46,LHP,Fr.,77,195,IMG Academy,['Left-Handed Pitcher'],Left-Handed Pitcher,,Alabama Crimson Tide
University Of Alabama,JoJo Williamson,47,INF,Fr.,68,175,Hartselle,['Infielder'],Infielder,,Alabama Crimson Tide
University Of Alabama,Bobby Alcock,48,RHP,R-Sr.,77,230,The Winchendon School,['Right-Handed Pitcher'],Right-Handed Pitcher,,Alabama Crimson Tide
University Of Alabama,Nash Wagner,49,RHP,Fr.,77,225,Zionsville Community,['Right-Handed Pitcher'],Right-Handed Pitcher,,Alabama Crimson Tide
University Of Alabama,Connor Lehman,50,LHP,Fr.,74,210,Stewart County,['Left-Handed Pitcher'],Left-Handed Pitcher,,Alabama Crimson Tide
University Of Alabama,Ashton Alston,52,RHP,Fr.,78,205,Christian Community Schools,['Right-Handed Pitcher'],Right-Handed Pitcher,,Alabama Crimson Tide
University Of Alabama,Egan Lowery,67,RHP,So.,73,184,McAdory,['Right-Handed Pitcher'],Right-Handed Pitcher,,Alabama Crimson Tide
University Of Alabama,Austin Morris,99,RHP,R-So.,76,210,Mortimer Jordan,['Right-Handed Pitcher'],Right-Handed Pitcher,,Alabama Crimson Tide
University Of Washington,Isaac Yeager,0,RHP,Jr.,78,215,Bishop Blanchet,['Right-Handed Pitcher'],Right-Handed Pitcher,,Washington Huskies
University Of Washington,AJ Guerrero,1,OF,Sr.,72,210,Fife,['Outfielder'],Outfielder,,Washington Huskies
University Of Washington,Colton Bower,2,C,R-So.,72,210,North Kitsap,['Catcher'],Catcher,,Washington Huskies
University Of Washington,Reeve Boyd,3,INF,R-Fr.,73,190,Seattle Prep,['Infielder'],Infielder,,Washington Huskies
University Of Washington,Sawyer Parkin,4,RHP,Sr.,71,195,Columbia,['Right-Handed Pitcher'],Right-Handed Pitcher,,Washington Huskies
University Of Washington,Julian Sanders,5,OF,Gr.,74,210,Lakeside,['Outfielder'],Outfielder,,Washington Huskies
University Of Washington,Carson Crawford,6,INF,Sr.,74,200,Cardinal Newman,['Infielder'],Infielder,,Washington Huskies
University Of Washington,Blake Wilson,7,INF,So.,70,175,Santa Margarita Catholic,['Infielder'],Infielder,,Washington Huskies
University Of Washington,Cooper Whitton,9,OF,Jr.,75,200,Santa Fe Christian,['Outfielder'],Outfielder,,Washington Huskies
University Of Washington,Braeden Terry,10,OF,Sr.,72,200,Newport,['Outfielder'],Outfielder,,Washington Huskies
University Of Washington,Jase Evangelista,11,RHP,So.,74,195,Martin Luther King,['Right-Handed Pitcher'],Right-Handed Pitcher,,Washington Huskies
University Of Washington,Casen Taggart,12,INF/OF,Sr.,77,225,Everett,"['Infielder', 'Outfielder']",Infielder,Outfielder,Washington Huskies
University Of Washington,Micah Bujacich,13,RHP,Fr.,75,190,Steilacoom,['Right-Handed Pitcher'],Right-Handed Pitcher,,Washington Huskies
University Of Washington,Will Woodward,15,LHP,R-So.,79,225,Eastlake,['Left-Handed Pitcher'],Left-Handed Pitcher,,Washington Huskies
University Of Washington,Trevor Kole,16,INF,Gr.,72,200,Gibbons,['Infielder'],Infielder,,Washington Huskies
University Of Washington,Matthew Henning,17,RHP/OF,Fr.,73,200,West Seattle,"['Right-Handed Pitcher', 'Outfielder']",Right-Handed Pitcher,Outfielder,Washington Huskies
University Of Washington,Boston Warkentin,18,RHP,R-So.,74,205,Foothills Composite,['Right-Handed Pitcher'],Right-Handed Pitcher,,Washington Huskies
University Of Washington,Jackson Hotchkiss,19,OF,Fr.,75,190,Battle Ground,['Outfielder'],Outfielder,,Washington Huskies
University Of Washington,Easton O'Neal,20,C,Fr.,73,205,West Valley,['Catcher'],Catcher,,Washington Huskies
University Of Washington,Lane Simonsen,21,RHP,Fr.,74,195,Lynden,['Right-Handed Pitcher'],Right-Handed Pitcher,,Washington Huskies
University Of Washington,Max Banks,22,RHP,Sr.,76,225,Stuart Hall,['Right-Handed Pitcher'],Right-Handed Pitcher,,Washington Huskies
University Of Washington,Colin Blanchard,23,C,R-Jr.,73,195,JSerra Catholic,['Catcher'],Catcher,,Washington Huskies
University Of Washington,Malakhi Knight,24,OF,Sr.,75,205,Marysville Getchell,['Outfielder'],Outfielder,,Washington Huskies
University Of Washington,Reilly McAdams,25,RHP,R-Sr.,78,235,Ingraham,['Right-Handed Pitcher'],Right-Handed Pitcher,,Washington Huskies
University Of Washington,Charlie Denomme,26,RHP,So.,76,225,Thayer Academy,['Right-Handed Pitcher'],Right-Handed Pitcher,,Washington Huskies
University Of Washington,Justin Tims,27,RHP/INF,Fr.,75,195,Villa Park,"['Right-Handed Pitcher', 'Infielder']",Right-Handed Pitcher,Infielder,Washington Huskies
University Of Washington,Gunnar Nichols,31,RHP,Jr.,76,185,John Burroughs,['Right-Handed Pitcher'],Right-Handed Pitcher,,Washington Huskies
University Of Washington,Josh Emanuels,32,RHP,R-Sr.,75,210,Interlake,['Right-Handed Pitcher'],Right-Handed Pitcher,,Washington Huskies
University Of Washington,Jack Sand,33,LHP,So.,70,195,Crean Lutheran,['Left-Handed Pitcher'],Left-Handed Pitcher,,Washington Huskies
University Of Washington,Noah Sorensen,34,RHP,Fr.,74,210,North Kitsap,['Right-Handed Pitcher'],Right-Handed Pitcher,,Washington Huskies
University Of Washington,Peysen Sweeney,35,RHP,R-Jr.,77,235,Liberty,['Right-Handed Pitcher'],Right-Handed Pitcher,,Washington Huskies
University Of Washington,Bradley Gilbert,37,RHP,Fr.,72,195,Aquinas,['Right-Handed Pitcher'],Right-Handed Pitcher,,Washington Huskies
University Of Washington,Jackson Thomas,39,RHP,Sr.,75,200,Mountain View,['Right-Handed Pitcher'],Right-Handed Pitcher,,Washington Huskies
University Of Washington,Tommy Curran,40,LHP,Fr.,74,180,De La Salle,['Left-Handed Pitcher'],Left-Handed Pitcher,,Washington Huskies
University Of Washington,Carston Pearson,41,OF,So.,72,200,Dublin,['Outfielder'],Outfielder,,Washington Huskies
University Of Washington,Luke Klooster,43,C,Fr.,70,190,O'Dea,['Catcher'],Catcher,,Washington Huskies
University Of Washington,Grady Woodward,44,OF,Fr.,74,205,Eastlake,['Outfielder'],Outfielder,,Washington Huskies
University Of Washington,Jaxson Gore,45,RHP,So.,72,190,North Kitsap,['Right-Handed Pitcher'],Right-Handed Pitcher,,Washington Huskies
University Of Washington,Sam DeCarlo,51,INF,Jr.,69,190,Millikan,['Infielder'],Infielder,,Washington Huskies
University Of Washington,Tommy Brandenburg,55,RHP,R-Jr.,71,195,Kalama,['Right-Handed Pitcher'],Right-Handed Pitcher,,Washington Huskies
University Of Washington,Nic Bronzini,95,LHP,R-So.,76,250,California,['Left-Handed Pitcher'],Left-Handed Pitcher,,Washington Huskies
University Of Washington,Logan Anderson,99,RHP,R-Fr.,76,210,Shorewood,['Right-Handed Pitcher'],Right-Handed Pitcher,,Washington Huskies
University Of Oregon,Tyler Jones,1,RHP,Fr.,75,200,Woodinville HS,['Right-Handed Pitcher'],Right-Handed Pitcher,,Oregon Ducks
University Of Oregon,Grayson Grinsell,2,LHP,Jr.,73,195,Reno HS,['Left-Handed Pitcher'],Left-Handed Pitcher,,Oregon Ducks
University Of Oregon,Carter Garate,3,INF,Jr.,74,185,Murrieta Mesa HS,['Infielder'],Infielder,,Oregon Ducks
University Of Oregon,Toby Twist,4,LHP,So.,73,205,Bakersfield Christian HS,['Left-Handed Pitcher'],Left-Handed Pitcher,,Oregon Ducks
University Of Oregon,Burke-Lee Mabeus,5,C,Fr.,76,215,Bishop Gorman HS,['Catcher'],Catcher,,Oregon Ducks
University Of Oregon,Jack Brooks,6,UTL,So.,70,190,Vanden HS,['Utility'],Utility,,Oregon Ducks
University Of Oregon,Hunter Hyatt,7,LHP,R-Fr.,75,210,Bellevue HS,['Left-Handed Pitcher'],Left-Handed Pitcher,,Oregon Ducks
University Of Oregon,Maddox Molony,9,INF,So.,74,210,Thurston HS,['Infielder'],Infielder,,Oregon Ducks
University Of Oregon,Collin Clarke,10,RHP,So.,75,205,Catholic HS,['Right-Handed Pitcher'],Right-Handed Pitcher,,Oregon Ducks
University Of Oregon,Ryan Cooney,12,INF,So.,72,200,Jesuit HS,['Infielder'],Infielder,,Oregon Ducks
University Of Oregon,Coen Niclai,13,C,Fr.,74,215,Service HS,['Catcher'],Catcher,,Oregon Ducks
University Of Oregon,Jaxon Jordan,15,RHP,Sr.,77,210,Oak Park HS,['Right-Handed Pitcher'],Right-Handed Pitcher,,Oregon Ducks
University Of Oregon,Cole Fisher,16,RHP,Jr.,74,210,Hatboro-Horsham HS,['Right-Handed Pitcher'],Right-Handed Pitcher,,Oregon Ducks
University Of Oregon,Drew Smith,17,INF/OF,Jr.,74,205,Buchanan,"['Infielder', 'Outfielder']",Infielder,Outfielder,Oregon Ducks
University Of Oregon,Jax Gimenez,19,INF/OF,Fr.,74,200,Whitney HS,"['Infielder', 'Outfielder']",Infielder,Outfielder,Oregon Ducks
University Of Oregon,Parker Stinson,20,OF,Sr.,72,210,Yorktown HS,['Outfielder'],Outfielder,,Oregon Ducks
University Of Oregon,Michael Meckna,21,RHP,Fr.,75,200,Elkhorn South HS,['Right-Handed Pitcher'],Right-Handed Pitcher,,Oregon Ducks
University Of Oregon,Julien Hernandez,22,RHP,Sr.,73,200,Menlo School,['Right-Handed Pitcher'],Right-Handed Pitcher,,Oregon Ducks
University Of Oregon,Kellan Knox,23,RHP,Fr.,74,210,Tenino HS,['Right-Handed Pitcher'],Right-Handed Pitcher,,Oregon Ducks
University Of Oregon,Ian Umlandt,24,LHP,Jr.,72,210,Sherwood,['Left-Handed Pitcher'],Left-Handed Pitcher,,Oregon Ducks
University Of Oregon,Jacob Walsh,25,1B,Sr.,76,225,Desert Oasis HS,['First Base'],First Base,,Oregon Ducks
University Of Oregon,Mason Neville,26,OF,Jr.,75,210,Basic HS,['Outfielder'],Outfielder,,Oregon Ducks
University Of Oregon,Chase Meggers,27,C,Jr.,72,205,Rocklin HS,['Catcher'],Catcher,,Oregon Ducks
University Of Oregon,Will Sanford,28,RHP,Fr.,72,200,Point Loma HS,['Right-Handed Pitcher'],Right-Handed Pitcher,,Oregon Ducks
University Of Oregon,Seth Mattox,31,RHP,Sr.,75,190,Xavier College Prep,['Right-Handed Pitcher'],Right-Handed Pitcher,,Oregon Ducks
University Of Oregon,Jason Reitz,33,RHP,Jr.,83,215,Pioneer HS,['Right-Handed Pitcher'],Right-Handed Pitcher,,Oregon Ducks
University Of Oregon,Santiago Garcia,34,LHP,So.,72,180,Centennial,['Left-Handed Pitcher'],Left-Handed Pitcher,,Oregon Ducks
University Of Oregon,Jeffery Heard,35,OF,Sr.,74,215,Valley Christian HS,['Outfielder'],Outfielder,,Oregon Ducks
University Of Oregon,Sam Boyle,37,LHP,Jr.,74,200,Columbia,['Left-Handed Pitcher'],Left-Handed Pitcher,,Oregon Ducks
University Of Oregon,Gabe Howard,38,RHP,Fr.,75,200,West Linn HS,['Right-Handed Pitcher'],Right-Handed Pitcher,,Oregon Ducks
University Of Oregon,Kayle Pisano,40,1B,Fr.,75,225,Clackamas HS,['First Base'],First Base,,Oregon Ducks
University Of Oregon,Tanner Bradley,41,RHP,Fr.,73,185,Cardinal Newman,['Right-Handed Pitcher'],Right-Handed Pitcher,,Oregon Ducks
University Of Oregon,Dominic Hellman,45,INF,Jr.,78,250,Henry M. Jackson HS,['Infielder'],Infielder,,Oregon Ducks
University Of Oregon,Ryan Featherston,46,RHP,So.,74,225,Stockdale HS,['Right-Handed Pitcher'],Right-Handed Pitcher,,Oregon Ducks
University Of Oregon,Blake Crawford,50,LHP,Fr.,76,215,West Linn HS,['Left-Handed Pitcher'],Left-Handed Pitcher,,Oregon Ducks
University Of Oregon,Nate Christman,51,RHP,Fr.,75,220,Aquinas,['Right-Handed Pitcher'],Right-Handed Pitcher,,Oregon Ducks
University Of Oregon,Alex Umland,52,RHP,Fr.,76,225,Winward School,['Right-Handed Pitcher'],Right-Handed Pitcher,,Oregon Ducks
University Of Oregon,Isaac Evaniew,53,RHP,Jr.,74,260,Churchill HS,['Right-Handed Pitcher'],Right-Handed Pitcher,,Oregon Ducks
University Of Oregon,Cole Stokes,55,RHP,So.,78,230,Redondo Union HS,['Right-Handed Pitcher'],Right-Handed Pitcher,,Oregon Ducks
University Of Oregon,Zach Justice,66,C,R-Fr.,73,210,Summit HS,['Catcher'],Catcher,,Oregon Ducks
University Of Oregon,Anson Aroz,77,C,Jr.,71,195,Placer HS,['Catcher'],Catcher,,Oregon Ducks
University Of Indiana,Jasen Oliver,2,INF,So.,71,185,Orchard Lake St. Mary's Prep,['Infielder'],Infielder,,Indiana Hoosiers
University Of Indiana,Tyler DeMartino,3,OF,Gr.,72,205,Walt Whitman,['Outfielder'],Outfielder,,Indiana Hoosiers
University Of Indiana,Devin Taylor,5,OF,Jr.,73,215,LaSalle,['Outfielder'],Outfielder,,Indiana Hoosiers
University Of Indiana,T.J. Schuyler,6,C,So.,74,220,Antioch,['Catcher'],Catcher,,Indiana Hoosiers
University Of Indiana,Tyler Cerny,8,INF,Jr.,74,205,Center Grove,['Infielder'],Infielder,,Indiana Hoosiers
University Of Indiana,Jake Stadler,9,C,R-Sr.,73,215,Mount Vernon,['Catcher'],Catcher,,Indiana Hoosiers
University Of Indiana,Josh Pyne,10,INF,Sr.,72,195,Linton-Stockton,['Infielder'],Infielder,,Indiana Hoosiers
University Of Indiana,Will Moore,11,INF,Fr.,69,170,Paris District,['Infielder'],Infielder,,Indiana Hoosiers
University Of Indiana,Hogan Denny,12,C/OF,Fr.,72,215,Mooresville,"['Catcher', 'Outfielder']",Catcher,Outfielder,Indiana Hoosiers
University Of Indiana,Andrew Wiggins,13,OF,So.,76,225,Heritage Christian,['Outfielder'],Outfielder,,Indiana Hoosiers
University Of Indiana,Brayton Thomas,14,LHP,Fr.,77,220,Bishop Dwenger,['Left-Handed Pitcher'],Left-Handed Pitcher,,Indiana Hoosiers
University Of Indiana,Cooper Malamazian,15,INF,Fr.,74,185,Nazareth Academy,['Infielder'],Infielder,,Indiana Hoosiers
University Of Indiana,Anthony Gubitosi,16,LHP,Jr.,71,192,Colts Neck,['Left-Handed Pitcher'],Left-Handed Pitcher,,Indiana Hoosiers
University Of Indiana,Ben Grable,17,RHP,Gr.,76,215,Flintridge Prep,['Right-Handed Pitcher'],Right-Handed Pitcher,,Indiana Hoosiers
University Of Indiana,Grant Holderfield,18,LHP,R-Jr.,75,220,Oak Park & River Forest,['Left-Handed Pitcher'],Left-Handed Pitcher,,Indiana Hoosiers
University Of Indiana,Cole Decker,19,OF,Fr.,71,185,Evansville North,['Outfielder'],Outfielder,,Indiana Hoosiers
University Of Indiana,Korbyn Dickerson,20,OF,R-So.,73,205,Trinity (Ky.),['Outfielder'],Outfielder,,Indiana Hoosiers
University Of Indiana,Jacob Vogel,21,RHP,R-So.,79,250,Jennings County,['Right-Handed Pitcher'],Right-Handed Pitcher,,Indiana Hoosiers
University Of Indiana,Joey Brenczewski,23,INF,R-So.,75,195,Fishers,['Infielder'],Infielder,,Indiana Hoosiers
University Of Indiana,Drew Buhr,24,RHP,Gr.+,73,205,Austin,['Right-Handed Pitcher'],Right-Handed Pitcher,,Indiana Hoosiers
University Of Indiana,Seth Benes,26,RHP,So.,74,210,Liberty,['Right-Handed Pitcher'],Right-Handed Pitcher,,Indiana Hoosiers
University Of Indiana,Clayton Weisheit,27,RHP,So.,78,235,Forest Park,['Right-Handed Pitcher'],Right-Handed Pitcher,,Indiana Hoosiers
University Of Indiana,Matthew Bohnert,28,LHP,R-Sr.,68,187,Cactus Shadows,['Left-Handed Pitcher'],Left-Handed Pitcher,,Indiana Hoosiers
University Of Indiana,Ryan Kraft,29,LHP,Sr.,76,220,Lincoln-Way Central,['Left-Handed Pitcher'],Left-Handed Pitcher,,Indiana Hoosiers
University Of Indiana,Ryan Rushing,30,LHP,So.,70,190,IMG Academy,['Left-Handed Pitcher'],Left-Handed Pitcher,,Indiana Hoosiers
University Of Indiana,Henry Brummel,31,RHP,Fr.,77,210,Pontiac,['Right-Handed Pitcher'],Right-Handed Pitcher,,Indiana Hoosiers
University Of Indiana,Cole Gilley,32,RHP,R-Sr.,73,205,Columbus East,['Right-Handed Pitcher'],Right-Handed Pitcher,,Indiana Hoosiers
University Of Indiana,Trey Telfer,33,RHP,Fr.,73,185,Cathedral Catholic,['Right-Handed Pitcher'],Right-Handed Pitcher,,Indiana Hoosiers
University Of Indiana,Jake Hanley,34,INF,Fr.,78,235,Mason,['Infielder'],Infielder,,Indiana Hoosiers
University Of Indiana,Evan O'Neill,35,RHP,R-Fr.,76,220,Blessed Trinity Catholic,['Right-Handed Pitcher'],Right-Handed Pitcher,,Indiana Hoosiers
University Of Indiana,Micah Vessely,36,RHP,Fr.,73,185,Greenwood,['Right-Handed Pitcher'],Right-Handed Pitcher,,Indiana Hoosiers
University Of Indiana,Ryan Gilbert,37,OF,R-So.,77,235,Kenston,['Outfielder'],Outfielder,,Indiana Hoosiers
University Of Indiana,Jackson Yarberry,38,RHP,So.,75,225,Timberland,['Right-Handed Pitcher'],Right-Handed Pitcher,,Indiana Hoosiers
University Of Indiana,Michael Lorenzetti,39,RHP,Jr.,80,225,Taft School,['Right-Handed Pitcher'],Right-Handed Pitcher,,Indiana Hoosiers
University Of Indiana,Gavin Seebold,40,RHP,R-Sr.,74,205,Jeffersonville,['Right-Handed Pitcher'],Right-Handed Pitcher,,Indiana Hoosiers
University Of Indiana,Deron Swanson,41,LHP,Sr.,75,195,Snider,['Left-Handed Pitcher'],Left-Handed Pitcher,,Indiana Hoosiers
University Of Indiana,Brayden Ricketts,42,C,Fr.,74,205,Jean Augustine Secondary,['Catcher'],Catcher,,Indiana Hoosiers
University Of Indiana,Caleb Koskie,43,LHP/OF,Fr.,72,185,Benilde-St.Margaret's,"['Left-Handed Pitcher', 'Outfielder']",Left-Handed Pitcher,Outfielder,Indiana Hoosiers
University Of Indiana,Will Eldridge,44,RHP,Jr.,76,210,Carroll (Flora),['Right-Handed Pitcher'],Right-Handed Pitcher,,Indiana Hoosiers
University Of Indiana,Pete Haas,51,RHP,R-Jr.,72,195,Keene,['Right-Handed Pitcher'],Right-Handed Pitcher,,Indiana Hoosiers
University Of Indiana,Aydan Decker-Petty,55,RHP,Jr.,77,205,New Castle,['Right-Handed Pitcher'],Right-Handed Pitcher,,Indiana Hoosiers
University Of Minnesota,Jake Larson,1,INF,Sr.,72,200,Kentlake,['Infielder'],Infielder,,Minnesota Golden Gophers
University Of Minnesota,Easton Richter,2,INF/RHP,Jr.,74,L/R,Rosemount,"['Infielder', 'Right-Handed Pitcher']",Infielder,Right-Handed Pitcher,Minnesota Golden Gophers
University Of Minnesota,Preston Leon,3,OF,R-Jr.,71,S/R,Dakota High School (Macomb),['Outfielder'],Outfielder,,Minnesota Golden Gophers
University Of Minnesota,Jack Mosh,4,INF,Jr.,70,180,St. Pius X,['Infielder'],Infielder,,Minnesota Golden Gophers
University Of Minnesota,Kris Hokenson,6,OF/LHP,Jr.,72,180,St. Louis Park,"['Outfielder', 'Left-Handed Pitcher']",Outfielder,Left-Handed Pitcher,Minnesota Golden Gophers
University Of Minnesota,Jack Spanier,7,INF,So.,72,180,Rocori,['Infielder'],Infielder,,Minnesota Golden Gophers
University Of Minnesota,Jameson Martin,8,INF,Fr.,71,180,St. Lawrence,['Infielder'],Infielder,,Minnesota Golden Gophers
University Of Minnesota,Parker Knoll,9,OF,Sr.,72,220,Fox Valley Lutheran,['Outfielder'],Outfielder,,Minnesota Golden Gophers
University Of Minnesota,Sam Hunt,10,C,R-Jr.,74,205,IMG Academy,['Catcher'],Catcher,,Minnesota Golden Gophers
University Of Minnesota,Landen Lozier,12,INF,So.,70,170,Notre Dame Academy,['Infielder'],Infielder,,Minnesota Golden Gophers
University Of Minnesota,Cole Selvig,13,RHP,So.,72,205,Regis Catholic,['Right-Handed Pitcher'],Right-Handed Pitcher,,Minnesota Golden Gophers
University Of Minnesota,Drew Berkland,15,OF/C,Jr.,72,190,Wayzata,"['Outfielder', 'Catcher']",Outfielder,Catcher,Minnesota Golden Gophers
University Of Minnesota,Josh Fitzgerald,16,OF,R-Sr.,72,190,Newman Catholic,['Outfielder'],Outfielder,,Minnesota Golden Gophers
University Of Minnesota,Luke Ryerse,17,RHP,Fr.,73,218,East Ridge,['Right-Handed Pitcher'],Right-Handed Pitcher,,Minnesota Golden Gophers
University Of Minnesota,Jack Taxdahl,19,C,So.,70,190,Cretin-Derham Hall,['Catcher'],Catcher,,Minnesota Golden Gophers
University Of Minnesota,Kyle Remington,20,RHP/INF,So.,72,165,Grand Rapids Christian,"['Right-Handed Pitcher', 'Infielder']",Right-Handed Pitcher,Infielder,Minnesota Golden Gophers
University Of Minnesota,Jonathan Dobis,21,RHP/OF,Fr.,72,180,St. Thomas Academy,"['Right-Handed Pitcher', 'Outfielder']",Right-Handed Pitcher,Outfielder,Minnesota Golden Gophers
University Of Minnesota,Weber Neels,22,C/INF,Jr.,73,210,East Ridge,"['Catcher', 'Infielder']",Catcher,Infielder,Minnesota Golden Gophers
University Of Minnesota,Jake Quinn,23,OF,Fr.,75,190,Cretin Derham-Hall,['Outfielder'],Outfielder,,Minnesota Golden Gophers
University Of Minnesota,Jake Perry,27,INF,Sr.,76,205,Hopkins,['Infielder'],Infielder,,Minnesota Golden Gophers
University Of Minnesota,Caden Capomaccio,28,RHP,Jr.,73,185,Notre Dame Academy,['Right-Handed Pitcher'],Right-Handed Pitcher,,Minnesota Golden Gophers
University Of Minnesota,Brayden Hellum,29,OF,So.,68,190,Stillwater,['Outfielder'],Outfielder,,Minnesota Golden Gophers
University Of Minnesota,Seth Clausen,30,RHP,Sr.,73,210,Pleasant Valley,['Right-Handed Pitcher'],Right-Handed Pitcher,,Minnesota Golden Gophers
University Of Minnesota,Joe Sperry,33,RHP/DH,Jr.,74,R/R,Rochester Lourdes,"['Right-Handed Pitcher', 'Designated Hitter']",Right-Handed Pitcher,Designated Hitter,Minnesota Golden Gophers
University Of Minnesota,Jake Elbeery,35,INF,Sr.,76,225,Austin,['Infielder'],Infielder,,Minnesota Golden Gophers
University Of Minnesota,Parker Lewin,37,RHP/OF,So.,73,175,Orono,"['Right-Handed Pitcher', 'Outfielder']",Right-Handed Pitcher,Outfielder,Minnesota Golden Gophers
University Of Minnesota,Adam Urban,38,RHP,Fr.,72,,Wauwatosa West,['Right-Handed Pitcher'],Right-Handed Pitcher,,Minnesota Golden Gophers
University Of Minnesota,Nick Argento,39,RHP,R-So.,78,225,Wayzata,['Right-Handed Pitcher'],Right-Handed Pitcher,,Minnesota Golden Gophers
University Of Minnesota,Tyler Hemmesch,40,RHP,So.,73,195,Sartell,['Right-Handed Pitcher'],Right-Handed Pitcher,,Minnesota Golden Gophers
University Of Minnesota,Charlie Sutherland,41,INF/OF,So.,74,200,Duluth East,"['Infielder', 'Outfielder']",Infielder,Outfielder,Minnesota Golden Gophers
University Of Minnesota,Eli Sundquist,43,RHP,Gr.,73,,Utah Valley State,['Right-Handed Pitcher'],Right-Handed Pitcher,,Minnesota Golden Gophers
University Of Minnesota,Hunter Cook,44,RHP,Fr.,74,180,North Polk,['Right-Handed Pitcher'],Right-Handed Pitcher,,Minnesota Golden Gophers
University Of Minnesota,Noah Rooney,46,LHP,R-Jr.,72,170,Perham,['Left-Handed Pitcher'],Left-Handed Pitcher,,Minnesota Golden Gophers
University Of Minnesota,Simon Skroch,47,LHP,Fr.,73,175,Yorkville High School,['Left-Handed Pitcher'],Left-Handed Pitcher,,Minnesota Golden Gophers
University Of Minnesota,Justin Thorsteinson,51,LHP,R-Sr.,76,233,Langley Secondary School,['Left-Handed Pitcher'],Left-Handed Pitcher,,Minnesota Golden Gophers
University Of Minnesota,Will Whelan,54,LHP,So.,74,195,Centennial,['Left-Handed Pitcher'],Left-Handed Pitcher,,Minnesota Golden Gophers
Texas A&M University,Jamal George,1,UTIL,Jr.,71,185,International Baseball Academy,['Utility'],Utility,,Texas A&M Aggies
Texas A&M University,Jacob Galloway,2,C,Jr.,69,180,Harvard Westlake,['Catcher'],Catcher,,Texas A&M Aggies
Texas A&M University,Terrence Kiel II,3,INF/OF,Fr.,73,185,Pace Academy,"['Infielder', 'Outfielder']",Infielder,Outfielder,Texas A&M Aggies
Texas A&M University,Gavin Kash,4,INF/OF,Sr.,75,215,Monsignor Kelly Catholic,"['Infielder', 'Outfielder']",Infielder,Outfielder,Texas A&M Aggies
Texas A&M University,Sawyer Farr,5,INF,Fr.,76,190,Boswell,['Infielder'],Infielder,,Texas A&M Aggies
Texas A&M University,Kaeden Kent,6,INF,Jr.,74,200,Lake Travis,['Infielder'],Infielder,,Texas A&M Aggies
Texas A&M University,Wyatt Henseler,8,INF,Gr.,73,215,Emmaus,['Infielder'],Infielder,,Texas A&M Aggies
Texas A&M University,Gavin Grahovac,9,INF/OF,So.,74,220,Villa Park,"['Infielder', 'Outfielder']",Infielder,Outfielder,Texas A&M Aggies
Texas A&M University,Ben Royo,10,INF,Jr.,74,200,Veterans,['Infielder'],Infielder,,Texas A&M Aggies
Texas A&M University,Hayden Schott,12,OF,Gr.,74,220,Culver Military Academy,['Outfielder'],Outfielder,,Texas A&M Aggies
Texas A&M University,Caden Sorrell,13,OF,So.,75,205,Marcus,['Outfielder'],Outfielder,,Texas A&M Aggies
Texas A&M University,Isaac Morton,14,RHP,So.,75,190,Spring Lake Park,['Right-Handed Pitcher'],Right-Handed Pitcher,,Texas A&M Aggies
Texas A&M University,Matt Bergevin,15,INF,Gr.,76,250,Marcos De Niza,['Infielder'],Infielder,,Texas A&M Aggies
Texas A&M University,Bear Harrison,16,C,So.,75,230,De La Salle,['Catcher'],Catcher,,Texas A&M Aggies
Texas A&M University,Jace LaViolette,17,OF,Jr.,78,230,Tompkins,['Outfielder'],Outfielder,,Texas A&M Aggies
Texas A&M University,Ryan Prager,18,LHP,R-Jr.,75,200,Hillcrest,['Left-Handed Pitcher'],Left-Handed Pitcher,,Texas A&M Aggies
Texas A&M University,Troy Wansing,19,LHP,Sr.,76,225,Staley,['Left-Handed Pitcher'],Left-Handed Pitcher,,Texas A&M Aggies
Texas A&M University,Aiden Sims,20,RHP,Fr.,74,180,Forney,['Right-Handed Pitcher'],Right-Handed Pitcher,,Texas A&M Aggies
Texas A&M University,Weston Moss,21,RHP,So.,76,190,Lake Creek,['Right-Handed Pitcher'],Right-Handed Pitcher,,Texas A&M Aggies
Texas A&M University,Myles Patton,23,LHP,Jr.,75,205,Millikan,['Left-Handed Pitcher'],Left-Handed Pitcher,,Texas A&M Aggies
Texas A&M University,Clayton Freshcorn,25,RHP,So.,72,180,Waller,['Right-Handed Pitcher'],Right-Handed Pitcher,,Texas A&M Aggies
Texas A&M University,Gavin Lyons,27,RHP,Fr.,75,200,Hamden Hall,['Right-Handed Pitcher'],Right-Handed Pitcher,,Texas A&M Aggies
Texas A&M University,Caden McCoy,28,LHP,Fr.,75,220,Bloomington North,['Left-Handed Pitcher'],Left-Handed Pitcher,,Texas A&M Aggies
Texas A&M University,Kaiden Wilson,30,LHP,So.,74,200,Raymore-Peculiar,['Left-Handed Pitcher'],Left-Handed Pitcher,,Texas A&M Aggies
Texas A&M University,Grant Cunningham,31,RHP,Jr.,75,225,Seattle Prep,['Right-Handed Pitcher'],Right-Handed Pitcher,,Texas A&M Aggies
Texas A&M University,Brad Rudis,32,RHP,Sr.,72,195,Madisonville,['Right-Handed Pitcher'],Right-Handed Pitcher,,Texas A&M Aggies
Texas A&M University,Justin Lamkin,33,LHP,Jr.,76,210,Calallen,['Left-Handed Pitcher'],Left-Handed Pitcher,,Texas A&M Aggies
Texas A&M University,Josh Stewart,34,RHP,Sr.,74,195,St. Dominic Savio Catholic,['Right-Handed Pitcher'],Right-Handed Pitcher,,Texas A&M Aggies
Texas A&M University,Sam Erickson,35,OF,Fr.,73,215,Flower Mound,['Outfielder'],Outfielder,,Texas A&M Aggies
Texas A&M University,Ty Baker,37,RHP,R-Fr.,76,230,Second Baptist Academy,['Right-Handed Pitcher'],Right-Handed Pitcher,,Texas A&M Aggies
Texas A&M University,Shane Sdao,38,LHP,Jr.,74,170,Lake Creek,['Left-Handed Pitcher'],Left-Handed Pitcher,,Texas A&M Aggies
Texas A&M University,Houston Tomlinson,39,RHP,Fr.,73,180,Grand Oaks,['Right-Handed Pitcher'],Right-Handed Pitcher,,Texas A&M Aggies
Texas A&M University,Blayne Lyne,40,RHP,Fr.,78,205,London,['Right-Handed Pitcher'],Right-Handed Pitcher,,Texas A&M Aggies
Texas A&M University,Jackson Brasseux,41,LHP,R-Fr.,73,190,North Lamar,['Left-Handed Pitcher'],Left-Handed Pitcher,,Texas A&M Aggies
Texas A&M University,Luke Jackson,44,RHP,R-So.,74,190,Lake Travis,['Right-Handed Pitcher'],Right-Handed Pitcher,,Texas A&M Aggies
Texas A&M University,Nathan Tobin,45,OF,Fr.,71,190,VR Eaton,['Outfielder'],Outfielder,,Texas A&M Aggies
Texas A&M University,Blake Binderup,46,INF,R-So.,78,230,College Station,['Infielder'],Infielder,,Texas A&M Aggies
Texas A&M University,Hayden Crites,47,C,Fr.,72,200,Paradise,['Catcher'],Catcher,,Texas A&M Aggies
Texas A&M University,Marco Jones,48,INF/OF,Fr.,77,245,San Ramon Valley,"['Infielder', 'Outfielder']",Infielder,Outfielder,Texas A&M Aggies
Texas A&M University,Austin Vargas,49,LHP,R-Fr.,80,235,Fulshear,['Left-Handed Pitcher'],Left-Handed Pitcher,,Texas A&M Aggies
Texas A&M University,Rylan Hill,51,LHP,Fr.,75,200,Bryan,['Left-Handed Pitcher'],Left-Handed Pitcher,,Texas A&M Aggies
Texas A&M University,Peyton Smith,62,RHP,Jr.,76,225,East Robertson,['Right-Handed Pitcher'],Right-Handed Pitcher,,Texas A&M Aggies
Texas A&M University,Kyrin LeBlanc,99,RHP,Jr.,75,215,St. Martinville Senior,['Right-Handed Pitcher'],Right-Handed Pitcher,,Texas A&M Aggies
University Of Mississippi,Brayden Randle,1,IF,So.,69,175,Rockwall,[None],,,Ole Miss Rebels
University Of Mississippi,Riley Maddox,2,RHP,Sr.,73,210,Jackson Prep,['Right-Handed Pitcher'],Right-Handed Pitcher,,Ole Miss Rebels
University Of Mississippi,Luke Cheng,3,IF,Sr.,72,185,Sherwood,[None],,,Ole Miss Rebels
University Of Mississippi,Mitchell Sanford,4,OF,Sr.,74,210,Berwick,['Outfielder'],Outfielder,,Ole Miss Rebels
University Of Mississippi,Owen Paino,6,IF,Fr.,75,225,Roy C. Ketcham,[None],,,Ole Miss Rebels
University Of Mississippi,Luke Hill,7,IF,Jr.,73,200,Episcopal,[None],,,Ole Miss Rebels
University Of Mississippi,Tate Sirmans,8,UT,Fr.,74,190,Lowndes,[None],,,Ole Miss Rebels
University Of Mississippi,Hayden Federico,9,IF,Fr.,71,195,West Monroe,[None],,,Ole Miss Rebels
University Of Mississippi,Cade Townsend,10,RHP,Fr.,73,185,Santa Margarita Catholic,['Right-Handed Pitcher'],Right-Handed Pitcher,,Ole Miss Rebels
University Of Mississippi,Campbell Smithwick,12,C,So.,72,190,Oxford,['Catcher'],Catcher,,Ole Miss Rebels
University Of Mississippi,Cooper Johnson,14,LHP/1B,Fr.,76,220,Mountain View,"['Left-Handed Pitcher', 'First Base']",Left-Handed Pitcher,First Base,Ole Miss Rebels
University Of Mississippi,Brayden Jones,16,RHP,Jr.,72,200,Madison-Ridgeland Academy,['Right-Handed Pitcher'],Right-Handed Pitcher,,Ole Miss Rebels
University Of Mississippi,Will McCausland,17,RHP,Jr.,72,190,Souderton Area,['Right-Handed Pitcher'],Right-Handed Pitcher,,Ole Miss Rebels
University Of Mississippi,Ryan Moerman,18,OF,Sr.,72,210,Lockport Township,['Outfielder'],Outfielder,,Ole Miss Rebels
University Of Mississippi,Walker Hooks,19,LHP,Fr.,76,265,Brandon,['Left-Handed Pitcher'],Left-Handed Pitcher,,Ole Miss Rebels
University Of Mississippi,Collin Reuter,20,C/IF,Jr.,74,235,Magnolia Heights,"['Catcher', None]",Catcher,,Ole Miss Rebels
University Of Mississippi,Mason Morris,21,RHP,Jr.,76,225,Tupelo,['Right-Handed Pitcher'],Right-Handed Pitcher,,Ole Miss Rebels
University Of Mississippi,Connor Spencer,22,RHP,Sr.,74,225,Hernando,['Right-Handed Pitcher'],Right-Handed Pitcher,,Ole Miss Rebels
University Of Mississippi,Hudson Calhoun,23,RHP,So.,76,210,McCallie School,['Right-Handed Pitcher'],Right-Handed Pitcher,,Ole Miss Rebels
University Of Mississippi,Austin Fawley,24,C,So.,73,205,Park Vista,['Catcher'],Catcher,,Ole Miss Rebels
University Of Mississippi,Ethan Surowiec,25,IF,Fr.,73,220,Gulfport,[None],,,Ole Miss Rebels
University Of Mississippi,Hunter Elliott,26,LHP,R-Jr.,75,215,Tupelo,['Left-Handed Pitcher'],Left-Handed Pitcher,,Ole Miss Rebels
University Of Mississippi,Judd Utermark,27,IF,Jr.,77,250,Charlotte Christian,[None],,,Ole Miss Rebels
University Of Mississippi,Connor Chisolm,28,OF,Sr.,70,180,Madison Central,['Outfielder'],Outfielder,,Ole Miss Rebels
University Of Mississippi,Ryne Rodriguez,29,LHP,Jr.,74,190,Trinity Valley,['Left-Handed Pitcher'],Left-Handed Pitcher,,Ole Miss Rebels
University Of Mississippi,Gunnar Dennis,32,LHP,Sr.,75,220,Pearl,['Left-Handed Pitcher'],Left-Handed Pitcher,,Ole Miss Rebels
University Of Mississippi,Landon Waters,34,RHP,Jr.,73,210,Grenada,['Right-Handed Pitcher'],Right-Handed Pitcher,,Ole Miss Rebels
University Of Mississippi,Owen Hancock,35,RHP,Fr.,77,205,Worth County,['Right-Handed Pitcher'],Right-Handed Pitcher,,Ole Miss Rebels
University Of Mississippi,Will Furniss,36,IF,Jr.,76,240,Nacogdoches,[None],,,Ole Miss Rebels
University Of Mississippi,Brett Moseley,37,OF,Fr.,75,195,Hewitt-Trussville,['Outfielder'],Outfielder,,Ole Miss Rebels
University Of Mississippi,Patrick Galle,38,RHP,So.,74,215,Biloxi,['Right-Handed Pitcher'],Right-Handed Pitcher,,Ole Miss Rebels
University Of Mississippi,Jackson Miller,39,OF,Fr.,72,195,Benjamin,['Outfielder'],Outfielder,,Ole Miss Rebels
University Of Mississippi,JP Robertson,40,RHP,So.,72,190,Germantown,['Right-Handed Pitcher'],Right-Handed Pitcher,,Ole Miss Rebels
University Of Mississippi,Cole Ketchum,43,RHP,R-So.,73,210,Heritage Academy,['Right-Handed Pitcher'],Right-Handed Pitcher,,Ole Miss Rebels
University Of Mississippi,Jake Reigert,44,RHP,Fr.,78,238,East Ridge,['Right-Handed Pitcher'],Right-Handed Pitcher,,Ole Miss Rebels
University Of Mississippi,Mason Nichols,45,RHP,Sr.,77,220,Jackson Prep,['Right-Handed Pitcher'],Right-Handed Pitcher,,Ole Miss Rebels
University Of Mississippi,Sam Tookoian,47,RHP,Jr.,77,240,Buchanan,['Right-Handed Pitcher'],Right-Handed Pitcher,,Ole Miss Rebels
University Of Mississippi,Taylor Rabe,50,RHP,R-Fr.,77,200,Greenville Senior,['Right-Handed Pitcher'],Right-Handed Pitcher,,Ole Miss Rebels
University Of Mississippi,Isaac Humphrey,51,OF,Sr.,74,215,Owensboro,['Outfielder'],Outfielder,,Ole Miss Rebels
University Of Mississippi,Alex Canney,55,RHP,Sr.,73,230,Durant,['Right-Handed Pitcher'],Right-Handed Pitcher,,Ole Miss Rebels
University of Maryland,Colin Gibbs,0,Infielder,Fr.,75,192,St. John's College,[None],,,
University of Maryland,Jacob Orr,1,Infield,Sr.,69,175,Thomas Johnson,[None],,,
University of Maryland,Andrew Koshy,2,Right Handed Pitcher,So.,74,215,Kellenburg Memorial HS,[None],,,
University of Maryland,Eddie Hacopian,3,Infielder,Sr.,75,195,Winston Churchill,[None],,,
University of Maryland,Jordan Crosland,4,Infielder,So.,72,200,Combine Academy,[None],,,
University of Maryland,Andrew Johnson,5,Left Handed Pitcher,Sr.,72,210,Glenelg,[None],,,
University of Maryland,Liam Willson,6,Utility,So.,73,210,Herndon,[None],,,
University of Maryland,Jake Yeager,7,Right Handed Pitcher,Fr.,76,205,Archbishop Spalding,[None],,,
University of Maryland,Hollis Porter,9,Utility,R-So.,76,225,East Central,[None],,,
University of Maryland,Chris Hacopian,10,Utility,So.,73,205,Winston Churchill,[None],,,
University of Maryland,Elijah Lambros,11,Outfielder,Sr.,74,200,Fredericksburg Christian School,[None],,,
University of Maryland,Devin Russell,12,Catcher,Jr.,74,205,Mountain Lakes,[None],,,
University of Maryland,Logan Koester,13,Right Handed Pitcher,6th,76,220,Chaminade,[None],,,
University of Maryland,Luke Keefer,14,Infielder,Fr.,74,190,North East,[None],,,
University of Maryland,Alex Calarco,15,Catcher/Infielder,Sr.,77,250,New Trier,"[None, None]",,,
University of Maryland,Omar Melendez,17,Left Handed Pitcher,Sr.,78,222,Leadership Christian Academy,[None],,,
University of Maryland,Cristofer Cespedes,18,Right Handed Pitcher,Fr.,76,230,North Rockland,[None],,,
University of Maryland,Evan Smith,20,Left Handed Pitcher,So.,73,215,PDG Academy,[None],,,
University of Maryland,Joey McMannis,21,Right Handed Pitcher,So.,77,225,Catoctin,[None],,,
University of Maryland,Kyle McCoy,22,Left Handed Pitcher,R-So.,78,205,Hunterdon School,[None],,,
University of Maryland,James Gladden,24,Right Handed Pitcher,R-So.,72,205,Archbishop Curley,[None],,,
University of Maryland,Ryan Bailey,25,Right Handed Pitcher,Fr.,73,195,Iona Prep,[None],,,
University of Maryland,Jacob Hauk,26,Catcher,Fr.,75,220,Loyola Blakefield,[None],,,
University of Maryland,Brayden Ryan,27,Right Handed Pitcher,R-So.,78,235,Lawrence Academy,[None],,,
University of Maryland,Michael Iannazzo,28,Infielder,So.,72,180,Fairfield College Preparatory,[None],,,
University of Maryland,EJ Hankerson,29,Outfielder,So.,70,195,Calvert Hall College,[None],,,
University of Maryland,Paul Jones II,30,Infielder,Fr.,72,205,Cretin-Derham Hall,[None],,,
University of Maryland,Parker Corbin,31,Infielder,Fr.,69,190,Cincinnati Country Day,[None],,,
University of Maryland,Dom Moats,32,Outfielder,Fr.,72,212,Pro5 Baseball Academy,[None],,,
University of Maryland,Aden Hill,33,Outfielder,Jr.,70,210,P27 Academy,[None],,,
University of Maryland,Jake Morgan,34,Catcher,Fr.,71,175,IMG Academy,[None],,,
University of Maryland,Ryan Van Buren,35,Right Handed Pitcher,Sr.,76,220,Abington,[None],,,
University of Maryland,Logan Hastings,36,Right Handed Pitcher,Fr.,70,185,Huntingtown,[None],,,
University of Maryland,Aidan Driscoll,37,Catcher,Fr.,68,198,St. John's Prep,[None],,,
University of Maryland,Quinn Yellin,40,Right Handed Pitcher,Fr.,73,195,South River,[None],,,
University of Maryland,Brayden Martin,42,Utility,So.,70,175,St. John's College,[None],,,
University of Maryland,Devin Milberg,44,Left Handed Pitcher,Gr.,73,200,The Dalton School,[None],,,
University of Maryland,Jack Wren,45,Right Handed Pitcher,Gr.,77,215,North Rockland,[None],,,
Rutgers University,Jan Avila,38,INF,Jr.,75,200,PR Baseball Academy,['Infielder'],Infielder,,Rutgers Scarlet Knights
Rutgers University,Charles Batista,33,RHP/OF,Fr.,76,220,The Hun School,"['Right-Handed Pitcher', 'Outfielder']",Right-Handed Pitcher,Outfielder,Rutgers Scarlet Knights
Rutgers University,Quinn Berglin,9,RHP,Gr.,74,195,Pewaukee,['Right-Handed Pitcher'],Right-Handed Pitcher,,Rutgers Scarlet Knights
Rutgers University,Peyton Bonds,25,OF,So.,77,225,Franklin,['Outfielder'],Outfielder,,Rutgers Scarlet Knights
Rutgers University,Ryan Bradley,43,LHP,Gr.,71,200,St. John's Prep,['Left-Handed Pitcher'],Left-Handed Pitcher,,Rutgers Scarlet Knights
Rutgers University,Jared Carlucci,41,RHP,Fr.,76,220,Columbia,['Right-Handed Pitcher'],Right-Handed Pitcher,,Rutgers Scarlet Knights
Rutgers University,Yomar Carreras,12,INF,Fr.,72,190,North Brunswick Township,['Infielder'],Infielder,,Rutgers Scarlet Knights
Rutgers University,Matt Chatelle,28,C,Jr.,76,225,Austin,['Catcher'],Catcher,,Rutgers Scarlet Knights
Rutgers University,Caden Christman,46,C,Fr.,73,200,PRO5 Academy,['Catcher'],Catcher,,Rutgers Scarlet Knights
Rutgers University,Trevor Cohen,4,OF,Jr.,73,195,Holy Spirit,['Outfielder'],Outfielder,,Rutgers Scarlet Knights
Rutgers University,Matthew Cruz,29,RHP,Fr.,71,175,Saint Dominic,['Right-Handed Pitcher'],Right-Handed Pitcher,,Rutgers Scarlet Knights
Rutgers University,Ty Doucette,36,INF,So.,74,205,TNXL Academy,['Infielder'],Infielder,,Rutgers Scarlet Knights
Rutgers University,Jordan Falco,48,RHP,Sr.,78,220,Center Moriches,['Right-Handed Pitcher'],Right-Handed Pitcher,,Rutgers Scarlet Knights
Rutgers University,Luke Fithian,15,RHP,Fr.,74,240,Cumberland County Tech,['Right-Handed Pitcher'],Right-Handed Pitcher,,Rutgers Scarlet Knights
Rutgers University,Mark Gialluisi,5,C,R-Fr.,70,190,Saint Joseph [Metuchen],['Catcher'],Catcher,,Rutgers Scarlet Knights
Rutgers University,Zach Gleason,39,RHP,Sr.,74,215,Timberlane Regional [N.H.],['Right-Handed Pitcher'],Right-Handed Pitcher,,Rutgers Scarlet Knights
Rutgers University,Connor Grotyohann,27,RHP/INF,Jr.,76,230,Pope John XXIII,"['Right-Handed Pitcher', 'Infielder']",Right-Handed Pitcher,Infielder,Rutgers Scarlet Knights
Rutgers University,Hunter Hoxie,2,LHP,Fr.,70,195,Jonathan Law,['Left-Handed Pitcher'],Left-Handed Pitcher,,Rutgers Scarlet Knights
Rutgers University,Brennan Hyde,8,OF,Gr.,71,170,Chamberlain,['Outfielder'],Outfielder,,Rutgers Scarlet Knights
Rutgers University,Cameron Johnson,3,LHP,Fr.,72,190,TNXL Academy,['Left-Handed Pitcher'],Left-Handed Pitcher,,Rutgers Scarlet Knights
Rutgers University,RJ Johnson Jr.,1,OF,Sr.,71,190,Kerr-Vance Academy,['Outfielder'],Outfielder,,Rutgers Scarlet Knights
Rutgers University,JD Jones,17,C,Sr.,72,200,Fairview,['Catcher'],Catcher,,Rutgers Scarlet Knights
Rutgers University,Tyler Kane,16,RHP,R-So.,69,165,Manalapan,['Right-Handed Pitcher'],Right-Handed Pitcher,,Rutgers Scarlet Knights
Rutgers University,Jack Kirchner,45,RHP,R-Fr.,76,225,Bishop Eustace,['Right-Handed Pitcher'],Right-Handed Pitcher,,Rutgers Scarlet Knights
Rutgers University,Zack Konstantinovsky,19,RHP,So.,74,215,North Brunswick Township,['Right-Handed Pitcher'],Right-Handed Pitcher,,Rutgers Scarlet Knights
Rutgers University,Landon Mack,18,RHP,Fr.,73,200,Bishop Eustace,['Right-Handed Pitcher'],Right-Handed Pitcher,,Rutgers Scarlet Knights
Rutgers University,Joe Mazza,37,LHP,Sr.,75,215,Manalapan,['Left-Handed Pitcher'],Left-Handed Pitcher,,Rutgers Scarlet Knights
Rutgers University,Evan McCoach,47,OF,Fr.,69,205,Neumann Goretti,['Outfielder'],Outfielder,,Rutgers Scarlet Knights
Rutgers University,Nolan Peel,11,RHP,Fr.,71,190,The Tome School [Md.],['Right-Handed Pitcher'],Right-Handed Pitcher,,Rutgers Scarlet Knights
Rutgers University,Preston Prince,40,LHP,Jr.,77,235,Hilton,['Left-Handed Pitcher'],Left-Handed Pitcher,,Rutgers Scarlet Knights
Rutgers University,Andrew Rondini,22,RHP,Fr.,72,195,Canterbury,['Right-Handed Pitcher'],Right-Handed Pitcher,,Rutgers Scarlet Knights
Rutgers University,Dillon Ryan,7,RHP,Gr.,72,205,Sandwich,['Right-Handed Pitcher'],Right-Handed Pitcher,,Rutgers Scarlet Knights
Rutgers University,Pablo Santos,6,RHP/INF,Jr.,72,205,Don Bosco Prep,"['Right-Handed Pitcher', 'Infielder']",Right-Handed Pitcher,Infielder,Rutgers Scarlet Knights
Rutgers University,Justin Shadek,31,RHP,R-Fr.,78,235,Seton Hall Prep,['Right-Handed Pitcher'],Right-Handed Pitcher,,Rutgers Scarlet Knights
Rutgers University,Jack Sweeney,34,OF,Fr.,72,200,Allentown,['Outfielder'],Outfielder,,Rutgers Scarlet Knights
Rutgers University,JT Thompson,14,INF,Jr.,69,160,Wylie,['Infielder'],Infielder,,Rutgers Scarlet Knights
Rutgers University,Mike Timberlake,20,RHP,Jr.,79,225,Allentown,['Right-Handed Pitcher'],Right-Handed Pitcher,,Rutgers Scarlet Knights
Rutgers University,Nick Tomasetto,23,INF,R-Fr.,70,195,West Deptford,['Infielder'],Infielder,,Rutgers Scarlet Knights