School,Name,Jersey,Position,Class Year,Height,Weight,High School
University Of Florida,Justin Nadeau,1,INF/OF,Jr.,6' 0'',195 lbs,Bartram Trail (Jacksonville)
University Of Florida,Ty Evans,2,OF,Sr.,6' 2'',215 lbs,Lakeland Christian
University Of Florida,Kyle Jones,3,OF,So.,6' 3'',185 lbs,North Oconee (Stetson)
University Of Florida,Cade Kurland,4,INF,Jr.,5' 11'',190 lbs,Berkeley Prep
University Of Florida,Blake Cyr,5,OF/INF,Jr.,5' 11'',190 lbs,Windermere (Miami)
University Of Florida,Bobby Boser,6,INF/OF,Sr.,6' 1'',215 lbs,Wiregrass Ranch (USF)
University Of Florida,Christian Rodriguez,8,RHP,R-Fr.,6' 0'',210 lbs,Marjory Stoneman Douglas
University Of Florida,Luke McNeillie,9,RHP,So.,6' 3'',190 lbs,Milton
University Of Florida,Colby Shelton,10,INF,Jr.,6' 0'',205 lbs,Bloomingdale (Alabama)
University Of Florida,Brendan Lawson,11,INF,Fr.,6' 3'',215 lbs,P27 Academy
University Of Florida,Liam Peterson,12,RHP,So.,6' 5'',220 lbs,Calvary Christian
University Of Florida,Landon Stripling,13,INF,So.,6' 0'',200 lbs,Parkview (Texas Tech)
University Of Florida,Joshua Whritenour,15,RHP,Fr.,6' 2'',195 lbs,A3 Academy
University Of Florida,Hayden Yost,16,OF,So.,6' 1'',195 lbs,Sickles
University Of Florida,Jacob Gomberg,17,LHP,So.,5' 10'',180 lbs,Marjory Stoneman Douglas
University Of Florida,Pierce Coppola,18,LHP,R-Jr.,6' 8'',245 lbs,Verona
University Of Florida,Jake Clemente,20,RHP,R-So.,6' 3'',225 lbs,Marjory Stoneman Douglas
University Of Florida,Caden McDonald,21,RHP/1B,R-Fr.,6' 3'',200 lbs,Sickles
University Of Florida,Jackson Barberi,22,RHP,Fr.,6' 4'',180 lbs,Brookwood
University Of Florida,Billy Barlow,23,RHP,R-Jr.,6' 2'',220 lbs,North Myrtle Beach (Clemson)
University Of Florida,Blake Brookins,24,OF,So.,6' 5'',225 lbs,Miami Palmetto
University Of Florida,Kolt Myers,25,INF,Fr.,6' 2'',190 lbs,St. John's Country Day
University Of Florida,Niko Janssens,26,LHP,Fr.,6' 4'',200 lbs,A3 Academy
University Of Florida,Blaine Rowland,27,RHP,Fr.,6' 3'',220 lbs,Durant
University Of Florida,Luke Heyman,28,C,Jr.,6' 4'',220 lbs,Lake Brantley
University Of Florida,Brody Donay,29,C,Jr.,6' 5'',235 lbs,Lakeland Christian (Virginia Tech)
University Of Florida,Ashton Wilson,30,OF/INF,Jr.,6' 0'',200 lbs,TNXL Academy (Charleston Southern)
University Of Florida,Frank Menendez,31,LHP,So.,6' 1'',215 lbs,Doral Academy Charter
University Of Florida,McCall Biemiller,33,LHP,Fr.,6' 2'',180 lbs,Tampa Jesuit
University Of Florida,Alex Philpott,34,RHP,So.,6' 6'',200 lbs,Strawberry Crest
University Of Florida,Brock Clayton,35,C/OF,Fr.,6' 3'',210 lbs,Pensacola Catholic
University Of Florida,Matthew Jenkins,37,RHP,So.,6' 6'',195 lbs,Lafayette (Santa Fe College)
University Of Florida,Mason Laurito,38,LHP,So.,6' 0'',175 lbs,Forest (Gulf Coast CC)
University Of Florida,Cole Bullen,40,C,R-Jr.,5' 9'',175 lbs,Villages Charter (College of Central Florida)
University Of Florida,Felix Ong,44,RHP,Fr.,6' 4'',220 lbs,Key West
University Of Florida,Schuyler Sandford,45,RHP,Fr.,6' 6'',215 lbs,St. John's Country Day
University Of Florida,Aidan King,47,RHP,Fr.,6' 2'',195 lbs,Bishop John J. Snyder
University Of Florida,Carson Montsdeoca,99,RHP,Fr.,6' 3'',205 lbs,Fort Meade
University Of Missouri,Cameron Benson,1,INF/OF,Jr.,6' 3'',185 lbs,Southfield HS for the Arts & Technology
University Of Missouri,Brock Daniels,2,INF/OF,Jr.,6' 1'',195 lbs,St. John Vianney HS
University Of Missouri,Peyton Basler,3,INF,Jr.,6' 0'',195 lbs,Lansing HS
University Of Missouri,Jedier Hernandez,4,C,Sr.,6' 0'',200 lbs,Trenton Catholic Academy
University Of Missouri,Pierre Seals,5,OF,Sr.,6' 0'',210 lbs,Houston HS
University Of Missouri,Kaden Peer,7,OF/INF,So.,6' 2'',185 lbs,CBC HS
University Of Missouri,Gehrig Goldbeck,10,INF,Jr.,6' 1'',175 lbs,Tonganoxie HS
University Of Missouri,Austin Henry,11,RHP,So.,6' 5'',220 lbs,Dell Rapids HS
University Of Missouri,Tyler Macon,12,INF,R-Fr.,5' 11'',175 lbs,Kirkwood HS
University Of Missouri,Brady Picarelli,13,OF,Fr.,6' 2'',200 lbs,Eureka HS
University Of Missouri,Isaiah Frost,14,OF,Sr.,5' 11'',197 lbs,Blue Springs South HS
University Of Missouri,Chris Patterson,17,INF,Fr.,6' 3'',190 lbs,Prestonwood Academy
University Of Missouri,Jackson Lovich,18,INF,Jr.,6' 4'',192 lbs,Blue Valley West HS
University Of Missouri,Keegan Knutson,19,INF,Jr.,5' 10'',195 lbs,Combine Academy
University Of Missouri,Trey Lawrence,20,INF/RHP,Fr.,6' 3'',180 lbs,Palmetto HS
University Of Missouri,Sam Horn,21,RHP,So.,6' 4'',217 lbs,Collins Hill
University Of Missouri,Kadden Drew,22,LHP,Jr.,6' 2'',210 lbs,Notre Dame Prep
University Of Missouri,Ian Lohse,23,LHP,Gr.,6' 0'',199 lbs,Marquette HS
University Of Missouri,Trey Callaway,24,UTIL,Fr.,6' 1'',215 lbs,Dutchtown HS
University Of Missouri,Brock Lucas,25,RHP,Jr.,6' 3'',229 lbs,St. Elizabeth HS
University Of Missouri,Victor Christal,26,RHP,Fr.,6' 0'',190 lbs,Bishop Miege HS
University Of Missouri,PJ Green,27,OF/RHP,Fr.,6' 2'',195 lbs,Sandy Creek HS
University Of Missouri,Josh Kirchhoff,28,RHP,Jr.,6' 3'',210 lbs,Concordia Academy-Roseville
University Of Missouri,James Vaughn,29,RHP,Gr.,6' 5'',240 lbs,Collegiate School
University Of Missouri,Wil Libbert,30,LHP,R-Fr.,6' 1'',205 lbs,Blair Oaks HS
University Of Missouri,Kaden Jacobi,32,RHP,Sr.,6' 3'',220 lbs,Liberty HS
University Of Missouri,Daniel Wissler,35,LHP,Jr.,6' 2'',185 lbs,Fort Zumwalt West HS
University Of Missouri,Aeneas Clark,36,RHP,Jr.,6' 3'',205 lbs,Northwest Christian HS
University Of Missouri,Aden Malpass,37,OF,Fr.,6' 0'',175 lbs,John Carroll Catholic HS
University Of Missouri,Blake Simpson,38,INF,Jr.,6' 2'',185 lbs,Pickering HS
University Of Missouri,Charlie Miller,39,RHP,So.,6' 3'',185 lbs,Russellville HS
University Of Missouri,Brady Kehlenbrink,40,LHP,Fr.,6' 2'',205 lbs,Parkway South HS
University Of Missouri,Nic Smith,41,LHP,Jr.,6' 3'',198 lbs,Alvin C. York Institute
University Of Missouri,Javyn Pimental,43,LHP,Sr.,6' 3'',213 lbs,Kamehameha HS
University Of Missouri,Xavier Lovett,44,RHP,Gr.,6' 0'',190 lbs,Westfield HS
University Of Missouri,Cayden Nicoletto,48,OF,Sr.,6' 0'',190 lbs,Baldivis Secondary College
University Of Missouri,Tony Neubeck,49,LHP,Jr.,6' 2'',237 lbs,Mahtomedi HS
University Of Missouri,Ben Smith,50,RHP,So.,6' 2'',195 lbs,Catholic HS
University Of Missouri,Jaylen Merchant,51,RHP,So.,6' 0'',180 lbs,Grayson HS
University Of Missouri,Josh McDevitt,54,RHP,So.,6' 2'',195 lbs,Effingham HS
University Of Missouri,Seth McCartney,58,RHP,Jr.,6' 0'',200 lbs,Brandon HS
University Of Missouri,Mateo Serna,88,C,So.,6' 0'',195 lbs,American Heritage HS
University Of Oklahoma,Jason Walk,1,OF,Jr.,5' 10'',166 lbs,Harrison HS
University Of Oklahoma,Myles Davis,2,INF,So.,6' 0'',213 lbs,Marion HS
University Of Oklahoma,Cayden Brumbaugh,3,UTL,Sr.,5' 9'',182 lbs,Edmond Santa Fe HS
University Of Oklahoma,Alec Blair,4,OF,Fr.,6' 6'',195 lbs,De La Salle HS
University Of Oklahoma,Nolan Stevens,5,OF/LHP,Jr.,6' 2'',216 lbs,Franklin HS
University Of Oklahoma,Kyle Branch,6,INF,So.,5' 11'',182 lbs,Lovejoy HS
University Of Oklahoma,Jaxon Willits,7,INF,Jr.,6' 0'',203 lbs,Fort Cobb-Broxton HS
University Of Oklahoma,Uriah Walters,8,INF,Jr.,6' 2'',193 lbs,Weatherford JC
University Of Oklahoma,Camden Johnson,9,UTL,Jr.,6' 0'',176 lbs,Boerne HS
University Of Oklahoma,Brendan Brock,10,C/OF,Jr.,6' 3'',200 lbs,Mascoutah HS
University Of Oklahoma,Gerardo Prado,11,OF,Jr.,6' 3'',190 lbs,Puerto Rico Baseball Academy HS
University Of Oklahoma,Kadyn Leon,12,RHP,So.,6' 0'',182 lbs,McLennan CC
University Of Oklahoma,Connor Larkin,13,UTL,Fr.,6' 3'',194 lbs,Cherry Creek HS
University Of Oklahoma,Cooper Smith,14,1B,Jr.,6' 0'',197 lbs,Marlow HS
University Of Oklahoma,Dayton Tockey,16,INF,Sr.,6' 1'',230 lbs,Weatherford HS
University Of Oklahoma,Dasan Harris,17,OF,Jr.,6' 1'',181 lbs,Plano East HS
University Of Oklahoma,Gavyn Jones,18,LHP/OF,Jr.,6' 1'',206 lbs,White Oak HS
University Of Oklahoma,Jaxon Grossman,19,RHP,Jr.,6' 4'',227 lbs,Makawoo HS
University Of Oklahoma,Trey Gambill,20,OF,Sr.,5' 11'',200 lbs,Lone Peak HS
University Of Oklahoma,Drew Dickerson,21,OF,So.,6' 4'',210 lbs,Lee's Summit West HS
University Of Oklahoma,LJ Mercurius,22,RHP,Jr.,6' 2'',175 lbs,Faith Lutheran HS
University Of Oklahoma,Xander Mercurius,23,RHP,Fr.,5' 10'',186 lbs,Durango HS
University Of Oklahoma,Mason Bixby,25,RHP,Jr.,6' 7'',239 lbs,Lady Bird Johnson HS
University Of Oklahoma,Drew Rerick,27,RHP,So.,6' 4'',243 lbs,Fargo Davies HS
University Of Oklahoma,Cole Leach,28,C/INF,Fr.,6' 3'',218 lbs,Hilldale HS
University Of Oklahoma,Jaden Barfield,29,LHP,So.,6' 0'',216 lbs,Pearland HS
University Of Oklahoma,Michael Catalano,30,RHP,So.,6' 0'',200 lbs,Frisco HS
University Of Oklahoma,Cameron Johnson,31,LHP,Jr.,6' 6'',256 lbs,IMG Academy
University Of Oklahoma,Brisco Smith,32,RHP,Fr.,6' 1'',169 lbs,Duncan HS
University Of Oklahoma,Isaac Williams,33,RHP,Jr.,6' 1'',200 lbs,Fleming Island HS
University Of Oklahoma,Joey McMannis,34,RHP,Jr.,6' 4'',228 lbs,Catocin HS
University Of Oklahoma,Jason Bodin,35,RHP,Jr.,6' 3'',193 lbs,Orangefield HS
University Of Oklahoma,Nick Wesloski,37,RHP,Fr.,6' 3'',219 lbs,McKinney Boyd HS
University Of Oklahoma,Trent Collier,39,LHP,So.,6' 2'',241 lbs,"Weatherford, JC"
University Of Oklahoma,Aidan Tomlinson,40,RHP,Fr.,6' 4'',214 lbs,Dewar HS
University Of Oklahoma,Gunnar Dillard,41,C,Fr.,6' 0'',200 lbs,Wall HS
University Of Oklahoma,Reid Hensley,42,RHP,Gr.,6' 0'',214 lbs,Lufkin HS
University Of Oklahoma,Jordan Stribling,45,LHP,So.,6' 5'',219 lbs,Highland Park HS
University Of Oklahoma,Deiten Lachance,48,C,Jr.,6' 5'',231 lbs,McLennan CC
University Of Oklahoma,Jackson Cleveland,49,RHP,Sr.,6' 2'',206 lbs,Deer Park HS
University Of Oklahoma,Jackson Kornylo,52,RHP,Fr.,6' 5'',192 lbs,TNXL Academy
University Of Oklahoma,Nate Smithburg,54,LHP,R-So.,6' 2'',257 lbs,Fairfield HS
University Of Oklahoma,Vaughn Neckar,55,RHP,Fr.,6' 3'',257 lbs,Vista Murrieta HS
University Of Oklahoma,Cord Rager,99,LHP/INF,Fr.,6' 6'',237 lbs,Maypearl HS
University Of Alabama,Justin Lebron,1,INF,So.,6' 2'',180 lbs,Archbishop Edward McCarthy
University Of Alabama,Kade Snell,3,OF Is Captain (C),R-Sr.,6' 1'',210 lbs,Wicksburg
University Of Alabama,Riley Quick,4,RHP,R-So.,6' 6'',245 lbs,Hewitt-Trussville
University Of Alabama,Richie Bonomolo Jr.,5,OF,Jr.,5' 11'',200 lbs,Cardinal Hayes
University Of Alabama,Beau Bryans,6,LHP,Jr.,6' 0'',195 lbs,Madison Central
University Of Alabama,Matthew Heiberger,7,LHP,So.,6' 3'',210 lbs,Oak Mountain
University Of Alabama,Tyler Fay,8,RHP,R-So.,6' 5'',215 lbs,Grand Island Senior
University Of Alabama,Bryce Fowler,9,OF,R-Jr.,6' 2'',190 lbs,Germantown
University Of Alabama,Brady Neal,10,C/INF,Jr.,5' 10'',190 lbs,IMG Academy
University Of Alabama,Coulson Buchanan,11,RHP,Sr.,5' 10'',185 lbs,North Gwinnett
University Of Alabama,JT Blackwood,12,RHP,Jr.,6' 2'',210 lbs,Hartselle
University Of Alabama,Luke Vaughn,13,C,So.,6' 2'',200 lbs,Elder
University Of Alabama,Carson Ozmer,14,RHP,Gr.,6' 2'',210 lbs,John H. Guyer
University Of Alabama,Coleman Mizell,15,OF,So.,6' 3'',230 lbs,Hartselle
University Of Alabama,Jonathan Stevens,16,RHP,So.,6' 1'',215 lbs,Briarwood Christian
University Of Alabama,Will Plattner,17,C,Jr.,6' 1'',205 lbs,Glenwood
University Of Alabama,Will Hodo,18,INF/OF,Sr.,6' 3'',225 lbs,Wayne Academy
University Of Alabama,Aeden Finateri,19,RHP,Sr.,6' 0'',235 lbs,Avon Old Farms
University Of Alabama,Zane Adams,20,LHP,So.,6' 4'',195 lbs,Porter
University Of Alabama,Brennen Norton,21,INF,Sr.,5' 9'',195 lbs,Cullman
University Of Alabama,Braylon Myers,22,RHP,Sr.,6' 2'',205 lbs,Oak Grove
University Of Alabama,Aidan Moza,23,RHP,Sr.,6' 1'',195 lbs,North Cobb Christian
University Of Alabama,Tate Robertson,24,LHP,Sr.,6' 0'',170 lbs,Northridge
University Of Alabama,Peyton Steele,26,OF,Fr.,6' 1'',195 lbs,Hartselle
University Of Alabama,Garrett Staton,27,INF,R-Sr.,6' 0'',195 lbs,North Forsyth
University Of Alabama,Danny Heintz,29,RHP,R-Sr.,6' 6'',235 lbs,Green Hope
University Of Alabama,Anthony Pesci,30,RHP,Fr.,6' 4'',205 lbs,Orchard Lake Saint Mary's Prep
University Of Alabama,Jon Young Jr.,31,INF,Fr.,6' 1'',190 lbs,Cherry Hill West
University Of Alabama,Jason Torres,32,INF,Jr.,6' 1'',230 lbs,Miami Springs
University Of Alabama,Ariston Veasey,33,RHP/UTL,So.,6' 1'',190 lbs,Starr's Mill
University Of Alabama,Hagan Banks,36,RHP,R-Jr.,6' 4'',215 lbs,Calhoun
University Of Alabama,Andre Modugno,37,INF/RHP,Fr.,6' 5'',220 lbs,IMG Academy
University Of Alabama,Zach Kittrell,38,RHP,Jr.,6' 0'',195 lbs,Bayside Academy
University Of Alabama,Sam Mitchell,39,RHP,So.,6' 7'',235 lbs,Bob Jones
University Of Alabama,Sean Griggs,40,INF,Fr.,6' 2'',195 lbs,Red Bank Catholic
University Of Alabama,Connor Ball,41,LHP,R-Jr.,6' 0'',180 lbs,Chelsea
University Of Alabama,Ahmaad Duff,42,OF,Fr.,5' 7'',155 lbs,Lawrence Central
University Of Alabama,Jack Ketchum,43,RHP,Fr.,6' 3'',210 lbs,Heritage Academy
University Of Alabama,Packy Bradley-Cooney,44,RHP,Sr.,6' 2'',210 lbs,Arlington Catholic
University Of Alabama,Jackson Hunter,45,RHP,Fr.,6' 3'',190 lbs,Hazel Green
University Of Alabama,Carson Kuehne,46,LHP,Fr.,6' 5'',195 lbs,IMG Academy
University Of Alabama,JoJo Williamson,47,INF,Fr.,5' 8'',175 lbs,Hartselle
University Of Alabama,Bobby Alcock,48,RHP,R-Sr.,6' 5'',230 lbs,The Winchendon School
University Of Alabama,Nash Wagner,49,RHP,Fr.,6' 5'',225 lbs,Zionsville Community
University Of Alabama,Connor Lehman,50,LHP,Fr.,6' 2'',210 lbs,Stewart County
University Of Alabama,Ashton Alston,52,RHP,Fr.,6' 6'',205 lbs,Christian Community Schools
University Of Alabama,Egan Lowery,67,RHP,So.,6' 1'',184 lbs,McAdory
University Of Alabama,Austin Morris,99,RHP,R-So.,6' 4'',210 lbs,Mortimer Jordan
University Of Washington,Isaac Yeager,0,RHP,Jr.,6' 6'',215 lbs,Bishop Blanchet
University Of Washington,AJ Guerrero,1,OF,Sr.,6' 0'',210 lbs,Fife
University Of Washington,Colton Bower,2,C,R-So.,6' 0'',210 lbs,North Kitsap
University Of Washington,Reeve Boyd,3,INF,R-Fr.,6' 1'',190 lbs,Seattle Prep
University Of Washington,Sawyer Parkin,4,RHP,Sr.,5' 11'',195 lbs,Columbia River
University Of Washington,Julian Sanders,5,OF,Gr.,6' 2'',210 lbs,Lakeside
University Of Washington,Carson Crawford,6,INF,Sr.,6' 2'',200 lbs,Cardinal Newman
University Of Washington,Blake Wilson,7,INF,So.,5' 10'',175 lbs,Santa Margarita Catholic
University Of Washington,Cooper Whitton,9,OF,Jr.,6' 3'',200 lbs,Santa Fe Christian
University Of Washington,Braeden Terry,10,OF,Sr.,6' 0'',200 lbs,Newport
University Of Washington,Jase Evangelista,11,RHP,So.,6' 2'',195 lbs,Martin Luther King
University Of Washington,Casen Taggart,12,INF/OF,Sr.,6' 5'',225 lbs,Everett
University Of Washington,Micah Bujacich,13,RHP,Fr.,6' 3'',190 lbs,Steilacoom
University Of Washington,Will Woodward,15,LHP,R-So.,6' 7'',225 lbs,Eastlake
University Of Washington,Trevor Kole,16,INF,Gr.,6' 0'',200 lbs,Gibbons
University Of Washington,Matthew Henning,17,RHP/OF,Fr.,6' 1'',200 lbs,West Seattle
University Of Washington,Boston Warkentin,18,RHP,R-So.,6' 2'',205 lbs,Foothills Composite
University Of Washington,Jackson Hotchkiss,19,OF,Fr.,6' 3'',190 lbs,Battle Ground
University Of Washington,Easton O'Neal,20,C,Fr.,6' 1'',205 lbs,West Valley
University Of Washington,Lane Simonsen,21,RHP,Fr.,6' 2'',195 lbs,Lynden
University Of Washington,Max Banks,22,RHP,Sr.,6' 4'',225 lbs,Stuart Hall
University Of Washington,Colin Blanchard,23,C,R-Jr.,6' 1'',195 lbs,JSerra Catholic
University Of Washington,Malakhi Knight,24,OF,Sr.,6' 3'',205 lbs,Marysville Getchell
University Of Washington,Reilly McAdams,25,RHP,R-Sr.,6' 6'',235 lbs,Ingraham
University Of Washington,Charlie Denomme,26,RHP,So.,6' 4'',225 lbs,Thayer Academy
University Of Washington,Justin Tims,27,RHP/INF,Fr.,6' 3'',195 lbs,Villa Park
University Of Washington,Gunnar Nichols,31,RHP,Jr.,6' 4'',185 lbs,John Burroughs
University Of Washington,Josh Emanuels,32,RHP,R-Sr.,6' 3'',210 lbs,Interlake
University Of Washington,Jack Sand,33,LHP,So.,5' 10'',195 lbs,Crean Lutheran
University Of Washington,Noah Sorensen,34,RHP,Fr.,6' 2'',210 lbs,North Kitsap
University Of Washington,Peysen Sweeney,35,RHP,R-Jr.,6' 5'',235 lbs,Liberty
University Of Washington,Bradley Gilbert,37,RHP,Fr.,6' 0'',195 lbs,Aquinas
University Of Washington,Jackson Thomas,39,RHP,Sr.,6' 3'',200 lbs,Mountain View
University Of Washington,Tommy Curran,40,LHP,Fr.,6' 2'',180 lbs,De La Salle
University Of Washington,Carston Pearson,41,OF,So.,6' 0'',200 lbs,Dublin
University Of Washington,Luke Klooster,43,C,Fr.,5' 10'',190 lbs,O'Dea
University Of Washington,Grady Woodward,44,OF,Fr.,6' 2'',205 lbs,Eastlake
University Of Washington,Jaxson Gore,45,RHP,So.,6' 0'',190 lbs,North Kitsap
University Of Washington,Sam DeCarlo,51,INF,Jr.,5' 9'',190 lbs,Millikan
University Of Washington,Tommy Brandenburg,55,RHP,R-Jr.,5' 11'',195 lbs,Kalama
University Of Washington,Nic Bronzini,95,LHP,R-So.,6' 4'',250 lbs,California
University Of Washington,Logan Anderson,99,RHP,R-Fr.,6' 4'',210 lbs,Shorewood
Northwestern University,Noah Ruiz,1,INF,Gr.,5' 10'',180 lbs,Maranatha Christian Schools
Northwestern University,Jack Lausch,4,OF,Sr.,6' 2'',209 lbs,Brother Rice High School
Northwestern University,Griffin Mills,5,OF,Jr.,6' 1'',200 lbs,Delbarton
Northwestern University,Jack Counsell,6,INF,Jr.,6' 0'',180 lbs,Whitefish Bay
Northwestern University,Marty Kaplan,7,OF,Sr.,6' 3'',185 lbs,Harvard-Westlake
Northwestern University,Owen McElfatrick,8,INF,Sr.,6' 0'',180 lbs,Berkeley Preparatory
Northwestern University,Nick Barron,9,INF,Fy.,6' 3'',215 lbs,IMG Academy
Northwestern University,Joshua Ramos,10,C,Jr.,6' 1'',190 lbs,American Heritage
Northwestern University,Jackson Freeman,12,OF,Jr.,6' 2'',185 lbs,Tesoro
Northwestern University,Drew Dickson,14,RHP,Sr.,6' 3'',225 lbs,Zionsville
Northwestern University,Charlie Caruso,15,C,So.,6' 1'',190 lbs,JSerra Catholic
Northwestern University,Sam Hliboki,16,RHP,Gr.,6' 3'',205 lbs,Harvard-Westlake
Northwestern University,Ryan Kucherak,17,INF,Jr.,6' 1'',195 lbs,Hamilton
Northwestern University,Noah Brocklebank,18,INF,Fy.,6' 3'',195 lbs,Druid Hills
Northwestern University,Jake Yang,19,INF,Fy.,6' 0'',170 lbs,Central Bucks-South
Northwestern University,Jack Grunkemeyer,21,RHP,So.,6' 2'',215 lbs,Batesville
Northwestern University,Carter Danz,22,UTL,So.,6' 3'',190 lbs,Corona Del Mar
Northwestern University,Ryan Weaver,23,LHP,Gr.,6' 2'',200 lbs,Cary-Grove
Northwestern University,Christian Forniss,24,LHP,So.,6' 1'',200 lbs,Brebeuf Jesuit
Northwestern University,Matthew Kouser,26,RHP,So.,6' 5'',225 lbs,St. Augustine Prep
Northwestern University,Zach Carlson,27,OF,So.,5' 11'',190 lbs,Juan Diego Catholic
Northwestern University,Jay Slater,28,C,Fy.,6' 0'',196 lbs,Downington West Campus
Northwestern University,James Whitaker,29,RHP,Fy.,6' 2'',200 lbs,Bishop Gorman
Northwestern University,Garrett Shearer,30,RHP,Jr.,6' 3'',205 lbs,St. Louis University HS
Northwestern University,Dominic DeLoreto,31,LHP/OF,Fy.,6' 3'',200 lbs,Episcopal
Northwestern University,Chayce Kieck,32,RHP,So.,6' 2'',190 lbs,The Bolles School
Northwestern University,Logan de Groot,33,OF,So.,6' 3'',210 lbs,Santa Margarita Catholic
Northwestern University,Charlie Kutz,34,LHP,Gr.,6' 4'',205 lbs,Wyoming Seminary
Northwestern University,Sam Michel,35,LHP,Fy.,6' 1'',215 lbs,Battlefield
Northwestern University,Alex Grant,37,LHP,So.,6' 4'',205 lbs,Avon Old Farms
Northwestern University,Jake Rifenburg,39,LHP,Fy.,6' 1'',190 lbs,Benet Academy
Northwestern University,Tommy Bridges,41,RHP,So.,5' 11'',190 lbs,Harvard-Westlake
Northwestern University,Masai Marshall,42,OF,So.,6' 3'',190 lbs,Poly Prep
Northwestern University,Colton Cravens,44,RHP,Fy.,6' 5'',210 lbs,Trinity
Northwestern University,Justin Fryer,55,LHP,Fy.,6' 0'',175 lbs,Perikomen
Purdue University,Dylan Drake,1,L/R,IF,Junior,5-10,Christian Brothers
Purdue University,Charlie Vercruysse,2,R/R,IF,Redshirt Freshman,6-2,University
Purdue University,Eli Anderson,3,L/R,OF,Senior,6-0,Fairmont
Purdue University,Brandon Rogers,4,R/R,OF,Senior,5-11,Mount Carmel
Purdue University,Jackson Bessette,5,R/R,C,Senior,6-0,South Elgin
Purdue University,Westin Boyle,6,R/R,IF,Freshman,6-3,St. Thomas Aquinas
Purdue University,Kaden Frei,7,R/R,IF,Freshman,5-9,Seton Hall Prep
Purdue University,Quincy Malbrough,8,R/R,OF,Junior,6-0,Del Oro
Purdue University,Ali Banks,9,R/R,IF/OF,Junior,6-1,Parkview
Purdue University,Sam Flores,10,L/R,IF,Senior,6-1,Lufkin
Purdue University,Lucas Grant,11,L/L,LHP,Freshman,6-1,Joliet Academy
Purdue University,Sergio DeCello,13,S/R,UTL,Redshirt Senior,5-10,Badin
Purdue University,Ross Highfill,14,R/R,C/OF,Senior,6-0,Madison Central
Purdue University,Zach Zychowski,15,R/R,IF,Junior,5-10,Hanover Central
Purdue University,Trevor Kester-Johnson,16,L/L,LHP,Redshirt Junior,6-0,Live Oak
Purdue University,Trey Swiderski,17,R/R,OF,Junior,6-3,Joliet Academy
Purdue University,Joe Trenerry,18,R/R,RHP,Sophomore,6-4,Penn
Purdue University,Avery Moore,19,R/R,OF,Senior,6-2,Millard West
Purdue University,Aaron Manias,20,L/R,IF/OF,Redshirt Senior,6-2,Uxbridge
Purdue University,CJ Richmond,21,L/L,IF,Fifth Year,6-3,Park Tudor
Purdue University,Jacob Boland,22,R/R,RHP,Sophomore,6-4,Fairfield
Purdue University,Jarvis Evans,23,L/L,LHP,Senior,6-4,Georgia Premier Academy
Purdue University,Jimmy Dionne,25,L/L,1B/OF,Junior,6-4,Seminaire Saint-Fran√ßois
Purdue University,Cole Van Assen,26,R/R,RHP,Junior,6-3,Brother Rice
Purdue University,Nick Kolze,27,R/R,RHP,Senior,6-3,Romeoville
Purdue University,Tro Fellings,28,L/L,LHP,Freshman,6-4,Kalamazoo Central
Purdue University,Gavin Beuter,29,R/R,RHP,Senior,6-4,IMG Academy
Purdue University,Graham Kollen,30,R/R,RHP,Graduate Student,6-3,Homestead
Purdue University,Zach Erdman,31,L/L,LHP,Senior,6-2,Keller
Purdue University,Austin Klug,33,R/R,RHP,Senior,6-4,Caledonia
Purdue University,Noah Filer,34,R/R,RHP,Freshman,6-3,Wayzata
Purdue University,Thomas Lynch,35,L/R,C/IF,Redshirt Freshman,6-1,Memorial
Purdue University,Jackson Greer,37,R/R,RHP,Redshirt Sophomore,6-1,North Paulding
Purdue University,Evan Schweizer,38,R/R,RHP,Redshirt Freshman,6-5,Garth Webb
Purdue University,Barron Sawyer,40,R/R,RHP,Senior,6-6,St. Thomas More
Purdue University,Thomas Howard,42,R/R,RHP,Redshirt Sophomore,6-4,Fredrick Douglass
Purdue University,Jake Kramer,55,R/R,RHP,Senior,6-4,Hempfield
University of Nebraska,Cayden Brumbaugh,0,UTIL,R-Jr.,5-11,195 lbs,Oklahoma State
University of Nebraska,Riley Silva,1,OF,Sr.,6-0,190 lbs,Barton County CC
University of Nebraska,Joshua Overbeek,4,INF,Sr.,6-1,210 lbs,Pitt/Cisco College
University of Nebraska,Robby Bolin,5,OF,Jr.,6-2,205 lbs,Barton County CC
University of Nebraska,Pryce Bender,6,RHP,Fr.,6-3,185 lbs,Edmond North HS
University of Nebraska,Rhett Stokes,9,INF,Sr.,5-10,195 lbs,New Mexico Military Institute
University of Nebraska,Hogan Helligso,10,C,Sr.,6-0,195 lbs,Creighton
University of Nebraska,Max Buettenback,11,UTIL,So.,6-2,215 lbs,Lincoln Southeast HS
University of Nebraska,Cael Frost,12,OF,Sr.,6-0,200 lbs,South Dakota State
University of Nebraska,Will Jesske,13,UTIL,So.,5-11,210 lbs,Lincoln Southeast HS
University of Nebraska,Case Sanderson,14,UTIL,So.,6-2,215 lbs,Nevada HS
University of Nebraska,Dylan Carey,15,INF,Jr.,6-3,210 lbs,Ponderosa HS
University of Nebraska,Devin Nunez,16,INF,Fr.,5-11,180 lbs,Navasota HS
University of Nebraska,Hayden Lewis,17,OF,R-So.,6-1,205 lbs,Yutan HS
University of Nebraska,Kanon Sundgren,18,C,Jr.,6-1,185 lbs,Weatherford JC
University of Nebraska,Ty Horn,20,RHP,So.,6-2,200 lbs,Eisenhower HS
University of Nebraska,Jaron Cotton,21,INF,Jr.,6-3,200 lbs,Barton County CC
University of Nebraska,Blake Encarnacion,23,RHP,Fr.,6-4,210 lbs,Friendswood HS
University of Nebraska,Caleb Clark,24,LHP,Jr.,6-2,210 lbs,Orillia Secondary School
University of Nebraska,Drew Christo,25,RHP,Sr.,6-5,240 lbs,Elkhorn HS
University of Nebraska,TJ Coats,26,RHP,So.,6-3,220 lbs,Cloud County CC
University of Nebraska,Luke Broderick,28,RHP,Jr.,6-3,215 lbs,Iowa Western CC
University of Nebraska,Will Walsh,30,LHP,R-Sr.,6-4,220 lbs,Rockhurst HS
University of Nebraska,Tucker Timmerman,32,RHP,So.,6-3,220 lbs,Beatrice HS
University of Nebraska,Jackson Brockett,33,LHP,Sr.,6-1,205 lbs,Buford HS (Ga.)
University of Nebraska,Colin Cymbalista,34,C,Jr.,6-0,200 lbs,Hutchinson CC
University of Nebraska,Ryan Harrahill,35,RHP,So.,6-4,225 lbs,Elkhorn North HS
University of Nebraska,Grant Cleavinger,36,LHP,Jr.,6-5,225 lbs,Tulane
University of Nebraska,J'Shawn Unger,37,RHP,Fr.,6-5,225 lbs,Blair HS
University of Nebraska,Carson Jasa,39,RHP,R-Fr.,6-7,225 lbs,Faith Christian Academy
University of Nebraska,Chase Olson,41,LHP,Fr.,5-11,180 lbs,Raymore-Peculiar HS
University of Nebraska,Jalen Worthley,42,LHP,Jr.,5-10,185 lbs,Lincoln East HS
University of Nebraska,Aiden Lieser,43,RHP,Fr.,6-2,215 lbs,Centennial HS
University of Nebraska,Gabe Swansen,44,OF,Sr.,6-0,200 lbs,Johnston HS
University of Nebraska,Casey Daiss,45,RHP,Sr.,6-4,210 lbs,Pasco Hernandez JC
University of Nebraska,Aiden White,46,LHP,Fr.,6-2,210 lbs,Prosper HS
University of Nebraska,Colin Nowaczyk,47,LHP,Fr.,6-1,190 lbs,Elkhorn North HS
University of Nebraska,Gavin Blachowicz,50,RHP,Fr.,6-3,205 lbs,Olathe South HS
University of Nebraska,Mason McConnaughey,51,RHP,Jr.,6-3,220 lbs,Cloud County CC
University of Nebraska,Tyler Stone,55,INF,Sr.,6-3,240 lbs,Gonzaga/Iowa Western CC
